,Name of movie,Genres,Year of release,Watch time,Movie Rating,Meta score,Votes
0,Nhà tù Shawshank,Drama            ,1994,142,9.3,82,"2,738,740"
1,Bố Già,"Crime, Drama            ",1972,175,9.2,100,"1,904,515"
2,Kỵ Sĩ Bóng Đêm,"Action, Crime, Drama            ",2008,152,9.0,84,"2,711,774"
3,Bản Danh Sách Của Schindler,"Biography, Drama, History            ",1993,195,9.0,95,"1,382,339"
4,Chúa Tể Của Những Chiếc Nhẫn: Sự Quay Trở Lại Của Nhà Vua,"Action, Adventure, Drama            ",2003,201,9.0,94,"1,883,247"
5,12 Người Đàn Ông Giận Dữ,"Crime, Drama            ",1957,96,9.0,97,"810,635"
6,Bố Già Phần II,"Crime, Drama            ",1974,202,9.0,90,"1,298,088"
7,Chuyện Tào Lao,"Crime, Drama            ",1994,154,8.9,95,"2,104,632"
8,Kẻ Đánh Cắp Giấc Mơ,"Action, Adventure, Sci-Fi            ",2010,148,8.8,74,"2,407,181"
9,Chúa Tể Của Những Chiếc Nhẫn: Những Người Bạn Của Nhẫn,"Action, Adventure, Drama            ",2001,178,8.8,92,"1,912,039"
10,Sàn Đấu Sinh Tử,Drama            ,1999,139,8.8,66,"2,180,817"
11,Cuộc Đời Forrest Gump,"Drama, Romance            ",1994,142,8.8,82,"2,131,112"
12,Chúa Tể Của Những Chiếc Nhẫn: Hai Tòa Tháp,"Action, Adventure, Drama            ",2002,179,8.8,87,"1,699,982"
13,"Thiện, Ác, Tà","Adventure, Western            ",1966,161,8.8,90,"775,744"
14,Jai Bhim,"Crime, Drama, Mystery            ",2021,164,8.8,^^^^^^,"206,401"
15,777 Charlie,"Adventure, Comedy, Drama            ",2022,164,8.8,^^^^^^,"34,621"
16,Rocketry: The Nambi Effect,"Biography, Drama            ",2022,157,8.8,^^^^^^,"53,079"
17,Chiến Hữu,"Biography, Crime, Drama            ",1990,145,8.7,92,"1,188,684"
18,Ma Trận,"Action, Sci-Fi            ",1999,136,8.7,73,"1,953,518"
19,Chiến Tranh Giữa Các Vì Sao Tập 5: Đế Chế Phản Công,"Action, Adventure, Fantasy            ",1980,124,8.7,82,"1,318,322"
20,Bay Trên Tổ Chim Cúc Cu,Drama            ,1975,133,8.7,84,"1,026,842"
21,Soorarai Pottru,"Action, Drama            ",2020,153,8.7,^^^^^^,"119,321"
22,Hố Đen Tử Thần,"Adventure, Drama, Sci-Fi            ",2014,169,8.6,74,"1,902,929"
23,Chiến Tranh Giữa Các Vì Sao Tập 4: Niềm Hi Vọng Mới,"Action, Adventure, Fantasy            ",1977,121,8.6,90,"1,390,850"
24,7 Tội Lỗi Chết Người,"Crime, Drama, Mystery            ",1995,127,8.6,65,"1,693,377"
25,Sự Im Lặng Của Bầy Cừu,"Crime, Drama, Thriller            ",1991,118,8.6,86,"1,464,347"
26,Giải Cứu Binh Nhì Ryan,"Drama, War            ",1998,169,8.6,91,"1,420,431"
27,Dặm Xanh,"Crime, Drama, Fantasy            ",1999,189,8.6,61,"1,331,912"
28,Vùng Đất Linh Hồn,"Animation, Adventure, Family            ",2001,125,8.6,96,"787,310"
29,Thành Phố Của Chúa,"Crime, Drama            ",2002,130,8.6,79,"769,556"
30,Kẻ Hủy Diệt 2: Ngày Phán Xét,"Action, Sci-Fi            ",1991,137,8.6,75,"1,120,869"
31,Cuộc Sống Tươi Đẹp,"Comedy, Drama, Romance            ",1997,116,8.6,59,"709,766"
32,Bảy Võ Sĩ Đạo,"Action, Drama            ",1954,207,8.6,98,"352,207"
33,Cuộc Sống Tươi Đẹp,"Drama, Family, Fantasy            ",1946,130,8.6,89,"471,273"
34,Seppuku,"Action, Drama, Mystery            ",1962,133,8.6,85,"60,684"
35,Sita Ramam,"Action, Drama, Mystery            ",2022,163,8.6,^^^^^^,"59,378"
36,Võ Sĩ Giác Đấu,"Action, Adventure, Drama            ",2000,155,8.5,67,"1,532,851"
37,Ký Sinh Trùng,"Drama, Thriller            ",2019,132,8.5,96,"850,361"
38,Tay Trống Cự Phách,"Drama, Music            ",2014,106,8.5,89,"900,995"
39,Trở Về Tương Lai,"Adventure, Comedy, Sci-Fi            ",1985,116,8.5,87,"1,235,437"
40,Điệp Vụ Boston,"Crime, Drama, Thriller            ",2006,151,8.5,85,"1,353,243"
41,Léon: Sát Thủ Chuyên Nghiệp,"Action, Crime, Drama            ",1994,110,8.5,64,"1,186,625"
42,Quái Vật Không Gian,"Horror, Sci-Fi            ",1979,117,8.5,89,"901,460"
43,Ảo Thuật Gia Đấu Trí,"Drama, Mystery, Sci-Fi            ",2006,130,8.5,66,"1,361,530"
44,Vua Sư Tử,"Animation, Adventure, Drama            ",1994,88,8.5,88,"1,082,604"
45,Nghệ Sĩ Dương Cầm,"Biography, Drama, Music            ",2002,150,8.5,85,"853,847"
46,Nghi Phạm Vô Hình,"Crime, Drama, Mystery            ",1995,106,8.5,77,"1,102,651"
47,Tâm Thần Hoảng Loạn,"Horror, Mystery, Thriller            ",1960,109,8.5,97,"686,229"
48,Lịch Sử Mĩ Thế Kỉ X,"Crime, Drama            ",1998,119,8.5,62,"1,141,423"
49,Những Kẻ Bên Lề,"Biography, Comedy, Drama            ",2011,112,8.5,57,"879,621"
50,Chuyện Tình Thế Chiến,"Drama, Romance, War            ",1942,102,8.5,100,"582,469"
51,Thưở Ấy Miền Viễn Tây,Western            ,1968,165,8.5,82,"336,513"
52,Mộ Đom Đóm,"Animation, Drama, War            ",1988,89,8.5,94,"286,446"
53,Rạp Chiếu Bóng Thiên Đường,"Drama, Romance            ",1988,155,8.5,80,"267,823"
54,Vụ Án Mạng Nhà Bên,"Mystery, Thriller            ",1954,112,8.5,100,"501,024"
55,Thời Hiện Đại,"Comedy, Drama, Romance            ",1936,87,8.5,96,"247,850"
56,Ánh Sáng Đô Thị,"Comedy, Drama, Romance            ",1931,87,8.5,99,"188,258"
57,96,"Drama, Romance            ",II 2018,158,8.5,^^^^^^,"33,052"
58,Avengers: Hồi Kết,"Action, Adventure, Drama            ",2019,181,8.4,78,"1,175,085"
59,Joker,"Crime, Drama, Thriller            ",I 2019,122,8.4,59,"1,348,660"
60,Người Nhện: Vũ Trụ Mới,"Animation, Action, Adventure            ",2018,117,8.4,87,"560,394"
61,Lời Sấm Truyền,"Drama, Mystery, War            ",1979,147,8.4,94,"680,966"
62,Avengers: Cuộc Chiến Vô Cực,"Action, Adventure, Sci-Fi            ",2018,149,8.4,68,"1,118,835"
63,Ngôi Nhà Ma,"Drama, Horror            ",1980,146,8.4,66,"1,046,668"
64,Hành Trình Django,"Drama, Western            ",2012,165,8.4,81,"1,595,385"
65,Tên Cậu Là Gì?,"Animation, Drama, Fantasy            ",2016,106,8.4,79,"285,048"
66,Oldboy: Báo Thù,"Action, Drama, Mystery            ",2003,120,8.4,77,"594,754"
67,Quái Vật Không Gian 2,"Action, Adventure, Sci-Fi            ",1986,137,8.4,84,"731,243"
68,Kỵ Sĩ Bóng Đêm Trỗi Dậy,"Action, Drama, Thriller            ",2012,164,8.4,78,"1,738,035"
69,Indiana Jones Và Chiếc Rương Thánh Tích,"Action, Adventure            ",1981,115,8.4,85,"984,258"
70,Kẻ Mất Trí Nhớ,"Mystery, Thriller            ",2000,113,8.4,81,"1,261,177"
71,Đến Mà Xem,"Drama, Thriller, War            ",1985,142,8.4,^^^^^^,"85,378"
72,Trái Tim Dũng Cảm,"Biography, Drama, History            ",1995,178,8.4,68,"1,054,151"
73,Capharnaüm,Drama            ,2018,126,8.4,75,"94,777"
74,Coco: Hội Ngộ Diệu Kỳ,"Animation, Adventure, Comedy            ",I 2017,105,8.4,81,"531,773"
75,Khoảnh Khắc Cuộc Đời,"Drama, Mystery, Thriller            ",2006,137,8.4,89,"396,109"
76,Sự Đố Kỵ Của Thiên Tài,"Biography, Drama, Music            ",1984,160,8.4,88,"409,068"
77,Rô-bốt Biết Yêu,"Animation, Adventure, Family            ",2008,98,8.4,95,"1,140,273"
78,Tiến Sĩ Strangelove,"Comedy, War            ",1964,95,8.4,97,"499,601"
79,Trận Chiến Tàu Ngầm,"Drama, War            ",1981,149,8.4,86,"255,279"
80,Sunset Blvd.,"Drama, Film-Noir            ",1950,110,8.4,94,"226,468"
81,3 Chàng Ngốc,"Comedy, Drama            ",2009,170,8.4,67,"410,016"
82,Nhân Chứng Buộc Tội,"Crime, Drama, Mystery            ",1957,116,8.4,76,"129,197"
83,Paths of Glory,"Drama, War            ",1957,88,8.4,90,"201,873"
84,Nhà Độc Tài Vĩ Đại,"Comedy, Drama, War            ",1940,125,8.4,^^^^^^,"228,306"
85,Tengoku to jigoku,"Crime, Drama, Mystery            ",1963,143,8.4,90,"47,623"
86,Kaithi,"Action, Adventure, Crime            ",2019,145,8.4,^^^^^^,"35,886"
87,Sardar Udham,"Biography, Crime, Drama            ",2021,164,8.4,^^^^^^,"44,010"
88,Asuran,"Action, Drama            ",2019,141,8.4,^^^^^^,"31,099"
89,Drishyam 2,"Crime, Drama, Thriller            ",2021,152,8.4,^^^^^^,"38,926"
90,Vệ Binh Dải Ngân Hà 3,"Action, Adventure, Comedy            ",2023,150,8.3,64,"100,366"
91,Phi Công Siêu Đẳng Maverick,"Action, Drama            ",2022,130,8.3,78,"582,551"
92,Chiến Tranh Giữa Các Vì Sao Tập 6: Sự Quay Trở Lại Của Jedi,"Action, Adventure, Fantasy            ",1983,131,8.3,58,"1,075,326"
93,Kỳ Phùng Địch Thủ,"Action, Crime, Drama            ",1995,170,8.3,76,"672,730"
94,Định Mệnh,"Adventure, Drama, War            ",2009,153,8.3,69,"1,488,096"
95,Chàng Will Tốt Bụng,"Drama, Romance            ",1997,126,8.3,70,"1,000,978"
96,Vẻ Đẹp Mỹ,Drama            ,1999,122,8.3,84,"1,172,029"
97,Nguyện Cầu Cho Một Giấc Mơ,Drama            ,2000,102,8.3,71,"860,056"
98,Ông Trùm Mặt Sẹo,"Crime, Drama            ",1983,170,8.3,65,"863,854"
99,Tia Nắng Vĩnh Cửu Của Tâm Hồn Tinh Khiết,"Drama, Romance, Sci-Fi            ",2004,108,8.3,89,"1,029,326"
100,2001: Chuyến Du Hành Không Gian,"Adventure, Sci-Fi            ",1968,149,8.3,84,"683,925"
101,Cỗ Máy Tội Phạm,"Crime, Sci-Fi            ",1971,136,8.3,77,"846,369"
102,Cuộc Săn Lùng,Drama            ,2012,115,8.3,77,"340,469"
103,Áo Giắp Sắt,"Drama, War            ",1987,116,8.3,78,"757,246"
104,Những Kẻ Phản Bội,"Crime, Thriller            ",1992,99,8.3,81,"1,040,872"
105,Anh Hùng Hamilton,"Biography, Drama, History            ",2020,160,8.3,89,"100,896"
106,Nước Mỹ Một Thời,"Crime, Drama            ",1984,229,8.3,75,"359,531"
107,Câu Chuyện Đồ Chơi,"Animation, Adventure, Comedy            ",1995,81,8.3,96,"1,015,690"
108,Tìm Tung Tích Mẹ,"Drama, Mystery            ",2010,131,8.3,80,"183,361"
109,Giết Con Chim Nhại,"Crime, Drama            ",1962,129,8.3,88,"321,765"
110,Vút Bay,"Animation, Adventure, Comedy            ",2009,96,8.3,88,"1,066,935"
111,The Sting,"Comedy, Crime, Drama            ",1973,129,8.3,83,"269,133"
112,Le fabuleux destin d'Amélie Poulain,"Comedy, Romance            ",2001,122,8.3,69,"768,647"
113,Công Dân Kane,"Drama, Mystery            ",1941,119,8.3,100,"449,940"
114,Công Chúa Mononoke,"Animation, Action, Adventure            ",1997,134,8.3,76,"405,699"
115,Quay Cuồng,"Mystery, Romance, Thriller            ",1958,128,8.3,100,"410,239"
116,Lawrence Xứ Ả Rập,"Adventure, Biography, Drama            ",1962,218,8.3,100,"300,533"
117,Câu Chuyện Đồ Chơi 3,"Animation, Adventure, Comedy            ",2010,103,8.3,92,"853,263"
118,Bắc Tây Bắc,"Action, Adventure, Mystery            ",1959,136,8.3,98,"334,061"
119,Hát Dưới Mưa,"Comedy, Musical, Romance            ",1952,103,8.3,99,"248,450"
120,Thành Phố Trung Tâm,"Drama, Sci-Fi            ",1927,153,8.3,98,"177,980"
121,Cuộc Chia Ly,Drama            ,2011,123,8.3,95,"249,139"
122,Tòa Án Chiến Tranh,"Drama, War            ",1961,179,8.3,60,"79,771"
123,Căn Hộ Tình Yêu,"Comedy, Drama, Romance            ",1960,125,8.3,94,"186,237"
124,Ikiru,Drama            ,1952,143,8.3,92,"81,578"
125,M - Eine Stadt sucht einen Mörder,"Crime, Mystery, Thriller            ",1931,117,8.3,^^^^^^,"161,436"
126,Cậu Bé Đặc Biệt,"Drama, Family            ",2007,165,8.3,^^^^^^,"197,631"
127,Double Indemnity,"Crime, Drama, Film-Noir            ",1944,107,8.3,95,"160,556"
128,Kẻ Cắp Xe Đạp,Drama            ,1948,89,8.3,^^^^^^,"167,274"
129,Dangal,"Action, Biography, Drama            ",2016,161,8.3,^^^^^^,"196,850"
130,Kantara,"Action, Adventure, Drama            ",2022,148,8.3,^^^^^^,"94,823"
131,K.G.F: Chapter 2,"Action, Crime, Drama            ",2022,168,8.3,^^^^^^,"139,266"
132,Ratsasan,"Action, Crime, Drama            ",2018,170,8.3,^^^^^^,"46,802"
133,Vikram,"Action, Crime, Thriller            ",2022,175,8.3,^^^^^^,"63,579"
134,Đứa Trẻ,"Comedy, Drama, Family            ",1921,68,8.3,^^^^^^,"129,089"
135,Cuộc Chiến Kargil,"Action, Biography, Drama            ",2021,135,8.3,^^^^^^,"124,494"
136,Chhichhore,"Comedy, Drama, Romance            ",2019,143,8.3,^^^^^^,"57,566"
137,Ayla: The Daughter of War,"Biography, Drama, History            ",2017,125,8.3,^^^^^^,"41,476"
138,Drishyam,"Crime, Drama, Thriller            ",2013,160,8.3,^^^^^^,"42,570"
139,Sát Thủ John Wick: Chương 4,"Action, Crime, Thriller            ",2023,169,8.2,78,"146,376"
140,Người Nhện: Không Còn Nhà,"Action, Adventure, Fantasy            ",2021,148,8.2,71,"792,475"
141,Sói Già Phố Wall,"Biography, Comedy, Crime            ",2013,180,8.2,75,"1,458,327"
142,Công Viên Kỷ Jura,"Action, Adventure, Sci-Fi            ",1993,127,8.2,68,"1,011,764"
143,Tài Xế Taxi,"Crime, Drama            ",1976,114,8.2,94,"861,332"
144,Không Chốn Dung Thân,"Crime, Drama, Thriller            ",2007,122,8.2,92,"999,137"
145,Đảo Kinh Hoàng,"Mystery, Thriller            ",2010,138,8.2,63,"1,356,732"
146,The Father,"Drama, Mystery            ",I 2020,97,8.2,88,"167,336"
147,Quái Vật Biến Hình,"Horror, Mystery, Sci-Fi            ",1982,109,8.2,57,"437,507"
148,Thế Chiến 1917,"Action, Drama, War            ",2019,119,8.2,78,"618,408"
149,Máu Sẽ Phải Đổ,Drama            ,2007,158,8.2,93,"601,116"
150,Cẩm Nang Xanh,"Biography, Comedy, Drama            ",2018,130,8.2,69,"516,989"
151,Cô Dâu Báo Thù 1,"Action, Crime, Drama            ",2003,111,8.2,69,"1,138,579"
152,Buổi Diễn Của Truman,"Comedy, Drama            ",1998,103,8.2,90,"1,113,983"
153,Tên Trộm Nữ Trang,"Comedy, Crime            ",2000,104,8.2,55,"872,445"
154,Sòng Bạc,"Crime, Drama            ",1995,178,8.2,73,"533,402"
155,Người Dơi Xuất Hiện,"Action, Crime, Drama            ",2005,140,8.2,70,"1,500,101"
156,Giác Quan Thứ Sáu,"Drama, Mystery, Thriller            ",1999,107,8.2,64,"1,009,449"
157,Lâu Đài Di Động Của Howl,"Animation, Adventure, Family            ",2004,119,8.2,82,"410,406"
158,Một Tâm Hồn Đẹp,"Biography, Drama            ",2001,135,8.2,72,"948,775"
159,Đương Đầu Với Thử Thách,"Action, Thriller            ",1988,132,8.2,72,"899,954"
160,Không Thể Tha Thứ,"Drama, Western            ",1992,130,8.2,85,"420,130"
161,Ngày Tàn Của Hitler,"Biography, Drama, History            ",2004,156,8.2,82,"361,842"
162,Đi Tìm Nemo,"Animation, Adventure, Comedy            ",2003,100,8.2,90,"1,064,360"
163,Bí Mật Los Angeles,"Crime, Drama, Mystery            ",1997,138,8.2,91,"592,280"
164,Chiến Binh Tự Do,"Action, Drama, Sci-Fi            ",2005,132,8.2,62,"1,139,180"
165,Indiana Jones Và Cuộc Thập Tự Chinh Cuối Cùng,"Action, Adventure            ",1989,127,8.2,65,"769,585"
166,Cuốn Theo Chiều Gió,"Drama, Romance, War            ",1939,238,8.2,97,"321,949"
167,Phố Tàu,"Drama, Mystery, Thriller            ",1974,130,8.2,92,"334,083"
168,Mê Cung Của Pan,"Drama, Fantasy, War            ",2006,118,8.2,98,"679,978"
169,Chiến Binh Quyền Anh,"Action, Drama, Sport            ",2011,140,8.2,71,"481,134"
170,Chén Thánh Phiêu Lưu Ký,"Adventure, Comedy, Fantasy            ",1975,91,8.2,91,"550,958"
171,Some Like It Hot,"Comedy, Music, Romance            ",1959,121,8.2,98,"272,678"
172,Thanh Gươm Diệt Quỷ: Chuyến Tàu Vô Tận,"Animation, Action, Adventure            ",2020,117,8.2,72,"63,767"
173,Bí Mật Sau Ánh Mắt,"Drama, Mystery, Romance            ",2009,129,8.2,80,"213,763"
174,Người Voi,"Biography, Drama            ",1980,124,8.2,78,"247,360"
175,Cuộc Đào Thoát Vĩ Đại,"Adventure, Drama, History            ",1963,172,8.2,86,"249,126"
176,All About Eve,Drama            ,1950,138,8.2,98,"133,849"
177,Kho Báu Ở Sierra Madre,"Adventure, Drama, Western            ",1948,126,8.2,98,"127,714"
178,Lãnh Chúa Hidetora,"Action, Drama, War            ",1985,162,8.2,97,"128,832"
179,Tumbbad,"Drama, Fantasy, Horror            ",2018,104,8.2,^^^^^^,"52,678"
180,Drishyam 2,"Crime, Drama, Mystery            ",2022,140,8.2,^^^^^^,"36,387"
181,Thêm Vài Đồng Xu Lẻ,"Drama, Western            ",1965,132,8.2,74,"262,320"
182,Miracle in Cell No. 7,Drama            ,2019,132,8.2,^^^^^^,"51,477"
183,Cuộc Gọi Chết Người,"Crime, Thriller            ",1954,105,8.2,75,"180,241"
184,Klaus - Câu Chuyện Giáng Sinh,"Animation, Adventure, Comedy            ",2019,96,8.2,65,"165,568"
185,Gangs of Wasseypur,"Action, Comedy, Crime            ",2012,321,8.2,89,"99,158"
186,Lã Sinh Môn,"Crime, Drama, Mystery            ",1950,88,8.2,98,"172,408"
187,Yôjinbô,"Action, Drama, Thriller            ",1961,110,8.2,93,"125,655"
188,Câu Chuyện Tokyo,Drama            ,1953,136,8.2,100,"63,942"
189,Pather Panchali,Drama            ,1955,125,8.2,^^^^^^,"34,883"
190,Drishyam,"Crime, Drama, Mystery            ",2015,163,8.2,^^^^^^,"88,283"
191,Andhadhun,"Crime, Mystery, Thriller            ",2018,139,8.2,^^^^^^,"96,889"
192,Z,"Crime, Drama, Thriller            ",1969,127,8.2,86,"29,925"
193,Sống Chỉ Một Lần,"Comedy, Drama, Musical            ",2011,155,8.2,^^^^^^,"81,182"
194,Những Đứa Trẻ Thiên Đường,"Drama, Family, Sport            ",1997,89,8.2,77,"76,559"
195,Dersu Uzala,"Adventure, Biography, Drama            ",1975,142,8.2,^^^^^^,"31,780"
196,Le salaire de la peur,"Adventure, Drama, Thriller            ",1953,131,8.2,85,"63,045"
197,To Be or Not to Be,"Comedy, Romance, War            ",1942,99,8.2,86,"39,527"
198,K.G.F: Chapter 1,"Action, Crime, Drama            ",2018,156,8.2,^^^^^^,"91,301"
199,Vikram Vedha,"Action, Crime, Drama            ",2017,147,8.2,^^^^^^,"47,431"
200,Baahubali 2: The Conclusion,"Action, Drama            ",2017,167,8.2,^^^^^^,"106,399"
201,Bài Ca Khổ Hình Của Joan of Arc,"Biography, Drama, History            ",1928,110,8.2,98,"57,144"
202,Cha Và Con Của Tôi,"Drama, Family            ",2005,112,8.2,^^^^^^,"88,086"
203,Sherlock Jr.,"Action, Comedy, Romance            ",1924,45,8.2,^^^^^^,"52,242"
204,"Swades: We, the People","Drama, Musical            ",2004,210,8.2,^^^^^^,"93,496"
205,Uri: The Surgical Strike,"Action, Drama, History            ",2019,138,8.2,^^^^^^,"66,858"
206,Rangasthalam,"Action, Drama            ",2018,170,8.2,^^^^^^,"26,089"
207,Umberto D.,Drama            ,1952,89,8.2,92,"26,758"
208,Paan Singh Tomar,"Action, Biography, Crime            ",2012,135,8.2,^^^^^^,"37,006"
209,Bhaag Milkha Bhaag,"Biography, Drama, Sport            ",2013,186,8.2,^^^^^^,"69,697"
210,Lần Theo Dấu Vết,"Crime, Drama, Mystery            ",2013,153,8.1,70,"743,173"
211,Cuộc Đua Lịch Sử,"Action, Biography, Drama            ",2019,152,8.1,81,"416,107"
212,Khách Sạn Đế Vương,"Adventure, Comedy, Crime            ",2014,99,8.1,88,"836,179"
213,Max Điên: Con Đường Tử Thần,"Action, Adventure, Sci-Fi            ",2015,120,8.1,90,"1,027,650"
214,The Exorcist,Horror            ,1973,122,8.1,81,"420,199"
215,Tội Phạm Nhân Bản,"Action, Drama, Sci-Fi            ",1982,117,8.1,84,"786,364"
216,Phù Thủy Xứ Oz,"Adventure, Family, Fantasy            ",1939,102,8.1,92,"409,592"
217,Cướp Biển Vùng Caribê: Lời Nguyền Của Tàu Ngọc Trai Đen,"Action, Adventure, Fantasy            ",2003,143,8.1,63,"1,151,205"
218,Cô Gái Mất Tích,"Drama, Mystery, Thriller            ",2014,149,8.1,79,"1,006,454"
219,Người Hùng Không Súng,"Biography, Drama, History            ",2016,139,8.1,71,"547,684"
220,Stand by Me,"Adventure, Drama            ",1986,89,8.1,75,"416,398"
221,Bá Tước Lebowski,"Comedy, Crime            ",1998,117,8.1,71,"825,696"
222,Người Giúp Việc,Drama            ,2011,146,8.1,62,"471,492"
223,Hãy Bắt Tôi Nếu Có Thể,"Biography, Crime, Drama            ",2002,141,8.1,75,"1,017,917"
224,Người Hầu Gái,"Drama, Romance, Thriller            ",2016,145,8.1,84,"156,366"
225,Hàm Cá Mập,"Adventure, Mystery, Thriller            ",1975,124,8.1,87,"622,240"
226,Kẻ Hủy Diệt,"Action, Sci-Fi            ",1984,107,8.1,84,"883,680"
227,Logan: Người Sói,"Action, Drama, Sci-Fi            ",2017,137,8.1,77,"785,312"
228,Chú Chuột Đầu Bếp,"Animation, Adventure, Comedy            ",2007,111,8.1,96,"763,730"
229,Three Billboards: Truy Tìm Công Lý,"Comedy, Crime, Drama            ",2017,115,8.1,88,"524,786"
230,Harry Potter và Bảo Bối Tử Thần: Phần 2,"Adventure, Family, Fantasy            ",2011,130,8.1,85,"898,447"
231,Hội Cố Thi Nhân,"Comedy, Drama            ",1989,128,8.1,79,"508,255"
232,Thị Trấn Fargo,"Crime, Thriller            ",1996,98,8.1,86,"691,525"
233,Tay Đấm Huyền Thoại,"Drama, Sport            ",1976,120,8.1,70,"596,961"
234,Về Với Thiên Nhiên,"Adventure, Biography, Drama            ",2007,148,8.1,73,"634,172"
235,Những Mảnh Ghép Cảm Xúc,"Animation, Adventure, Comedy            ",I 2015,95,8.1,94,"734,269"
236,Băng Đảng Người Anh,"Action, Comedy, Crime            ",1998,107,8.1,66,"594,163"
237,Tiêu Điểm,"Biography, Crime, Drama            ",I 2015,129,8.1,93,"481,289"
238,Lối Sống Đồi Trụy,Drama            ,1996,93,8.1,83,"700,029"
239,Trung Đội,"Drama, War            ",1986,120,8.1,92,"422,657"
240,Million Dollar Baby,"Drama, Sport            ",2004,132,8.1,86,"699,037"
241,Công Ty Quái Vật,"Animation, Adventure, Comedy            ",2001,92,8.1,79,"929,992"
242,Bí Kíp Luyện Rồng,"Animation, Action, Adventure            ",2010,98,8.1,75,"759,470"
243,Before Sunrise,"Drama, Romance            ",1995,101,8.1,77,"319,527"
244,Hồi Ức Kẻ Sát Nhân,"Crime, Drama, Mystery            ",2003,131,8.1,82,"194,980"
245,Room,"Drama, Thriller            ",I 2015,118,8.1,86,"430,922"
246,Đường Đua Nghẹt Thở,"Action, Biography, Drama            ",I 2013,123,8.1,74,"490,159"
247,Kẻ Săn Hươu,"Drama, War            ",1978,183,8.1,86,"346,164"
248,Giai Điệu Hạnh Phúc,"Biography, Drama, Family            ",1965,172,8.1,63,"244,051"
249,Barry Lyndon,"Adventure, Drama, War            ",1975,185,8.1,89,"173,353"
250,12 Năm Nô Lệ,"Biography, Drama, History            ",2013,134,8.1,96,"714,626"
251,Ngọt Và Đắng,Drama            ,2008,116,8.1,72,"788,393"
252,Bò Đực Nổi Điên,"Biography, Drama, Sport            ",1980,129,8.1,90,"362,406"
253,Tâm trạng khi yêu,"Drama, Romance            ",2000,98,8.1,87,"156,320"
254,Stalker,"Drama, Sci-Fi            ",1979,162,8.1,83,"138,153"
255,Relatos salvajes,"Comedy, Drama, Thriller            ",2014,122,8.1,77,"204,688"
256,Bức Chân Dung Bị Thiêu Cháy,Drama            ,2019,122,8.1,95,"98,413"
257,Hachiko: Chú Chó Trung Thành,"Biography, Drama, Family            ",2009,93,8.1,^^^^^^,"294,181"
258,Cool Hand Luke,"Crime, Drama            ",1967,127,8.1,92,"181,344"
259,Hàng Xóm Của Tôi Là Totoro,"Animation, Comedy, Family            ",1988,86,8.1,86,"351,533"
260,La haine,"Crime, Drama            ",1995,98,8.1,^^^^^^,"180,887"
261,Ben-Hur: Truyền Thuyết Đức Chúa Trời,"Adventure, Drama            ",1959,212,8.1,90,"244,810"
262,Dáng Hình Thanh Âm,"Animation, Drama            ",2016,130,8.1,78,"89,020"
263,Trước Lúc Hoàng Hôn,"Drama, Romance            ",2004,80,8.1,90,"273,190"
264,Network,Drama            ,1976,121,8.1,83,"163,196"
265,Người Máy Khổng Lồ,"Animation, Action, Adventure            ",1999,86,8.1,85,"208,203"
266,"Paris, Texas",Drama            ,1984,145,8.1,81,"110,310"
267,In the Name of the Father,"Biography, Crime, Drama            ",1993,133,8.1,84,"179,566"
268,Khách Sạn Rwanda,"Biography, Drama, History            ",2004,121,8.1,79,"361,462"
269,Cầu Sông Kwai,"Adventure, Drama, War            ",1957,161,8.1,87,"225,311"
270,Phong Ấn Thứ Bảy,"Drama, Fantasy            ",1957,96,8.1,88,"189,522"
271,Amores perros,"Drama, Thriller            ",2000,154,8.1,83,"245,045"
272,The Grapes of Wrath,Drama            ,1940,129,8.1,96,"95,970"
273,Persona,"Drama, Thriller            ",1966,85,8.1,86,"123,329"
274,Rebecca,"Drama, Film-Noir, Mystery            ",1940,130,8.1,86,"140,570"
275,Paper Moon,"Comedy, Crime, Drama            ",1973,102,8.1,77,"49,620"
276,All Quiet on the Western Front,"Drama, War            ",1930,152,8.1,91,"65,390"
277,On the Waterfront,"Crime, Drama, Thriller            ",1954,108,8.1,91,"158,284"
278,Người Thứ Ba,"Film-Noir, Mystery, Thriller            ",1949,104,8.1,97,"175,127"
279,Neon Genesis Evangelion: The End of Evangelion,"Animation, Action, Drama            ",1997,87,8.1,^^^^^^,"58,320"
280,The Man Who Shot Liberty Valance,"Drama, Western            ",1962,123,8.1,94,"78,830"
281,Festen,Drama            ,1998,105,8.1,82,"89,852"
282,Mary Và Max,"Animation, Comedy, Drama            ",2009,92,8.1,^^^^^^,"180,542"
283,Ba Sắc Màu: Đỏ,"Drama, Mystery, Romance            ",1994,99,8.1,100,"106,149"
284,The Best Years of Our Lives,"Drama, Romance, War            ",1946,170,8.1,93,"66,944"
285,Chuyện Xảy Ra Trong Đêm,"Comedy, Romance            ",1934,105,8.1,87,"107,027"
286,Peekay Ngây Thơ,"Comedy, Drama, Sci-Fi            ",2014,153,8.1,^^^^^^,"192,788"
287,Bajrangi Bhaijaan,"Action, Adventure, Comedy            ",2015,163,8.1,^^^^^^,"91,703"
288,400 Cú Đấm,"Crime, Drama            ",1959,99,8.1,^^^^^^,"121,852"
289,Smultronstället,"Drama, Romance            ",1957,91,8.1,88,"109,821"
290,Nơi Tất Cả Chỉ Là Những Giấc Mơ,Drama            ,1982,188,8.1,100,"65,354"
291,Đôi Giày Đỏ,"Drama, Music, Romance            ",1948,135,8.1,^^^^^^,"36,745"
292,Mr. Smith Goes to Washington,"Comedy, Drama            ",1939,129,8.1,73,"117,444"
293,Bá Vương Biệt Cơ,"Drama, Music, Romance            ",1993,171,8.1,83,"30,732"
294,Nhất Nhất,"Drama, Romance            ",2000,173,8.1,94,"26,133"
295,La battaglia di Algeri,"Drama, War            ",1966,121,8.1,96,"62,291"
296,Kakushi-toride no san-akunin,"Action, Adventure, Drama            ",1958,139,8.1,89,"40,369"
297,A Woman Under the Influence,"Drama, Romance            ",1974,155,8.1,88,"26,689"
298,Dil Chahta Hai,"Comedy, Drama, Romance            ",2001,183,8.1,^^^^^^,"73,721"
299,Underground,"Comedy, Drama, Fantasy            ",1995,170,8.1,79,"59,566"
300,Inherit the Wind,"Biography, Drama, History            ",1960,128,8.1,75,"31,382"
301,The Message,"Biography, Drama, History            ",1976,177,8.1,^^^^^^,"48,950"
302,Kumonosu-jô,Drama            ,1957,110,8.1,^^^^^^,"53,731"
303,Lagaan: Once Upon a Time in India,"Drama, Musical, Sport            ",2001,224,8.1,84,"116,796"
304,Les diaboliques,"Crime, Drama, Horror            ",1955,117,8.1,^^^^^^,"67,290"
305,Những Đứa Con Của Sói,"Animation, Drama, Family            ",2012,117,8.1,71,"46,794"
306,The General,"Action, Adventure, Comedy            ",1926,67,8.1,^^^^^^,"93,698"
307,Andrei Rublev,"Biography, Drama, History            ",1966,205,8.1,^^^^^^,"55,121"
308,Kis Uykusu,Drama            ,2014,196,8.1,88,"53,010"
309,Sunrise: A Song of Two Humans,"Drama, Romance            ",1927,94,8.1,95,"52,272"
310,Barfi!,"Comedy, Drama, Romance            ",2012,151,8.1,^^^^^^,"83,895"
311,Dom za vesanje,"Comedy, Crime, Drama            ",1988,142,8.1,^^^^^^,"31,652"
312,White Heat,"Action, Crime, Drama            ",1949,114,8.1,^^^^^^,"34,219"
313,A Wednesday,"Action, Crime, Drama            ",2008,104,8.1,^^^^^^,"80,124"
314,Cuộc Săn Vàng,"Adventure, Comedy, Drama            ",1925,95,8.1,^^^^^^,"113,702"
315,Jungfrukällan,Drama            ,1960,89,8.1,^^^^^^,"30,341"
316,Masaan,Drama            ,2015,109,8.1,^^^^^^,"29,233"
317,Đèn Lồng Đỏ Treo Cao,"Drama, Romance            ",1991,125,8.1,^^^^^^,"33,875"
318,Höstsonaten,"Drama, Music            ",1978,99,8.1,^^^^^^,"35,774"
319,Nu Hoang An Do,"Adventure, Comedy, Drama            ",2013,146,8.1,^^^^^^,"66,970"
320,Rang De Basanti,"Comedy, Crime, Drama            ",2006,167,8.1,^^^^^^,"120,382"
321,Le notti di Cabiria,Drama            ,1957,110,8.1,^^^^^^,"50,322"
322,Chak De! India,"Drama, Family, Sport            ",2007,153,8.1,68,"82,154"
323,Talvar,"Crime, Drama, Mystery            ",2015,132,8.1,^^^^^^,"36,409"
324,Sholay,"Action, Adventure, Comedy            ",1975,204,8.1,^^^^^^,"57,002"
325,Ace in the Hole,"Drama, Film-Noir            ",1951,111,8.1,72,"37,378"
326,Article 15,"Crime, Drama, Mystery            ",2019,130,8.1,^^^^^^,"35,053"
327,La Grande Illusion,"Drama, War            ",1937,113,8.1,^^^^^^,"37,604"
328,Pink,"Crime, Drama, Thriller            ",III 2016,136,8.1,^^^^^^,"46,368"
329,Du rififi chez les hommes,"Crime, Drama, Thriller            ",1955,118,8.1,97,"35,528"
330,Trang Trại,"Comedy, Drama            ",1986,120,8.1,^^^^^^,"26,619"
331,Mandariinid,"Drama, War            ",2013,87,8.1,73,"47,467"
332,Munna Bhai M.B.B.S.,"Comedy, Drama            ",2003,156,8.1,^^^^^^,"84,405"
333,Rạp Xiếc,"Comedy, Family, Romance            ",1928,72,8.1,90,"34,788"
334,Hera Pheri,"Action, Comedy, Crime            ",2000,156,8.1,^^^^^^,"69,291"
335,Eskiya,"Crime, Drama, Thriller            ",1996,128,8.1,^^^^^^,"70,814"
336,Người Tình Mất Tích,"Mystery, Thriller            ",2012,122,8.1,^^^^^^,"63,965"
337,Udaan,Drama            ,2010,134,8.1,^^^^^^,"45,821"
338,OMG: Oh My God!,"Comedy, Drama, Fantasy            ",2012,125,8.1,^^^^^^,"60,600"
339,Black,Drama            ,2005,122,8.1,^^^^^^,"35,458"
340,Sarfarosh,"Action, Drama, Thriller            ",1999,174,8.1,^^^^^^,"26,199"
341,Anand,"Drama, Musical            ",1971,122,8.1,^^^^^^,"34,385"
342,Her Sey Çok Güzel Olacak,"Comedy, Drama, Thriller            ",1998,107,8.1,^^^^^^,"26,238"
343,Vệ Binh Dải Ngân Hà,"Action, Adventure, Comedy            ",2014,121,8.0,76,"1,209,698"
344,Hành Tinh Cát,"Action, Adventure, Drama            ",2021,155,8.0,74,"672,125"
345,Tội Phạm Nhân Bản 2049,"Action, Drama, Mystery            ",2017,164,8.0,81,"601,295"
346,Giai Điệu Con Tim,"Comedy, Drama, Music            ",2021,111,8.0,72,"145,281"
347,Thiên Nga Đen,"Drama, Thriller            ",2010,108,8.0,79,"787,217"
348,Deadpool,"Action, Comedy            ",2016,108,8.0,65,"1,065,040"
349,Hạnh Phúc Ảo,"Drama, Romance, Sci-Fi            ",2013,126,8.0,91,"634,355"
350,Cô Dâu Công Chúa,"Adventure, Comedy, Family            ",1987,98,8.0,77,"435,440"
351,Người Về Từ Sao Hỏa,"Adventure, Drama, Sci-Fi            ",2015,144,8.0,80,"877,346"
352,Liên Minh Công Lý - Phiên bản của Zack Snyder,"Action, Adventure, Fantasy            ",2021,242,8.0,54,"411,517"
353,Avengers: Biệt Đội Siêu Anh Hùng,"Action, Sci-Fi            ",2012,143,8.0,69,"1,413,515"
354,Donnie Darko,"Drama, Mystery, Sci-Fi            ",2001,113,8.0,88,"818,144"
355,Những Kẻ Khờ Mộng Mơ,"Comedy, Drama, Music            ",2016,128,8.0,94,"613,596"
356,Hương Mộc Lan,Drama            ,1999,188,8.0,78,"318,956"
357,Phi Vụ Động Trời,"Animation, Adventure, Comedy            ",2016,108,8.0,78,"514,941"
358,Thành Phố Tội Ác,"Crime, Thriller            ",2005,124,8.0,74,"778,473"
359,Sòng Bạc Hoàng Gia,"Action, Adventure, Thriller            ",2006,144,8.0,80,"669,974"
360,Khiêu Vũ Với Bầy Sói,"Adventure, Drama, Western            ",1990,181,8.0,72,"275,773"
361,Gia Đình Siêu Nhân,"Animation, Action, Adventure            ",2004,115,8.0,90,"759,312"
362,Người Về Từ Cõi Chết,"Action, Adventure, Drama            ",2015,156,8.0,76,"826,111"
363,Hương Đàn Bà,Drama            ,1992,156,8.0,59,"309,007"
364,Sinh Viên Tốt Nghiệp,"Comedy, Drama, Romance            ",1967,106,8.0,83,"279,573"
365,Người Giải Mã,"Biography, Drama, Thriller            ",2014,114,8.0,71,"787,605"
366,Aladdin,"Animation, Adventure, Comedy            ",1992,90,8.0,86,"435,232"
367,Hành Tinh Khỉ,"Adventure, Sci-Fi            ",1968,112,8.0,79,"184,966"
368,12 Con Khỉ,"Mystery, Sci-Fi, Thriller            ",1995,129,8.0,74,"628,607"
369,Ngày Chuột Chũi,"Comedy, Drama, Fantasy            ",1993,101,8.0,72,"649,230"
370,Rio Bravo,"Drama, Western            ",1959,141,8.0,93,"64,965"
371,Cuộc Sống Nhiệm Màu,"Animation, Adventure, Comedy            ",2020,100,8.0,83,"344,127"
372,Người Đẹp Và Quái Vật,"Animation, Family, Fantasy            ",1991,84,8.0,95,"463,546"
373,Người Đàn Ông Trong Mưa,Drama            ,1988,133,8.0,65,"525,922"
374,Mưu Cầu Hạnh Phúc,"Biography, Drama            ",2006,117,8.0,64,"529,441"
375,Màu Của Ảo Giác,"Animation, Crime, Drama            ",1997,81,8.0,67,"83,286"
376,Cá Lớn,"Adventure, Drama, Fantasy            ",2003,125,8.0,58,"447,744"
377,Trùng Khánh Sâm Lâm,"Comedy, Crime, Drama            ",1994,102,8.0,78,"87,509"
378,Nhà Vua Nói Lắp,"Biography, Drama, History            ",2010,118,8.0,88,"691,089"
379,Thị Trấn Dogville,"Crime, Drama            ",2003,178,8.0,59,"152,773"
380,Kim Cương Máu,"Adventure, Drama, Thriller            ",2006,143,8.0,64,"562,834"
381,Triệu Phú Ổ Chuột,"Crime, Drama, Romance            ",2008,120,8.0,84,"857,800"
382,JFK,"Drama, History, Thriller            ",1991,189,8.0,72,"161,635"
383,Cô Dâu Báo Thù 2,"Action, Crime, Thriller            ",2004,137,8.0,83,"772,683"
384,Rosemary's Baby,"Drama, Horror            ",1968,137,8.0,96,"223,162"
385,Akira,"Animation, Action, Drama            ",1988,124,8.0,67,"193,084"
386,Life of Brian,Comedy            ,1979,94,8.0,77,"408,206"
387,Buổi Chiều Xui Xẻo,"Biography, Crime, Drama            ",1975,125,8.0,86,"263,323"
388,Sát Thủ Vô Hình,"Crime, Drama, Mystery            ",2016,106,8.0,^^^^^^,"182,418"
389,Do the Right Thing,"Comedy, Drama            ",1989,120,8.0,93,"105,967"
390,Frankenstein Trẻ,Comedy            ,1974,106,8.0,83,"162,508"
391,Siêu Điệp Viên 3: Tối Hậu Thư Của Bourne,"Action, Mystery, Thriller            ",2007,115,8.0,85,"643,415"
392,Butch Cassidy and the Sundance Kid,"Biography, Crime, Drama            ",1969,110,8.0,66,"220,484"
393,Lion,"Biography, Drama            ",2016,118,8.0,69,"242,300"
394,Diệp Vấn,"Action, Biography, Drama            ",2008,106,8.0,59,"228,053"
395,Sóng Gió Cuộc Đời,Drama            ,1996,135,8.0,84,"96,016"
396,Người Tù Khổ Sai,"Biography, Crime, Drama            ",1973,151,8.0,58,"133,956"
397,Bãhubali: The Beginning,"Action, Drama            ",2015,159,8.0,^^^^^^,"129,665"
398,Huyền Thoại 1900,"Drama, Music, Romance            ",1998,169,8.0,58,"66,477"
399,Roman Holiday,"Comedy, Romance            ",1953,118,8.0,78,"142,252"
400,Annie Hall,"Comedy, Romance            ",1977,93,8.0,92,"270,079"
401,The Last Picture Show,"Drama, Romance            ",1971,118,8.0,93,"49,894"
402,Chim Ưng Malta,"Crime, Film-Noir, Mystery            ",1941,100,8.0,97,"162,028"
403,Fiddler on the Roof,"Drama, Family, Musical            ",1971,181,8.0,67,"45,326"
404,Võ Sĩ Quyền Anh,"Biography, Drama, Romance            ",2005,144,8.0,69,"192,086"
405,Dieu Gi Da Xay Ra Voi Baby Jane?,"Drama, Horror, Thriller            ",1962,134,8.0,75,"58,695"
406,Pink Floyd: The Wall,"Drama, Fantasy, Music            ",1982,95,8.0,47,"82,880"
407,Solaris,"Drama, Mystery, Sci-Fi            ",1972,167,8.0,93,"94,269"
408,Being There,"Comedy, Drama            ",1979,130,8.0,83,"74,687"
409,Der Himmel über Berlin,"Drama, Fantasy, Romance            ",1987,128,8.0,79,"73,290"
410,Nàng Công Chúa Ở Thung Lũng Gió,"Animation, Adventure, Sci-Fi            ",1984,117,8.0,86,"173,713"
411,Mommy,Drama            ,I 2014,139,8.0,74,"59,044"
412,Trưa Hè Nóng Bỏng,"Drama, Thriller, Western            ",1952,85,8.0,89,"106,742"
413,Laputa: Lâu Đài Trên Không,"Animation, Adventure, Family            ",1986,125,8.0,78,"171,526"
414,Ai Sợ Virginia Woolf?,Drama            ,1966,131,8.0,75,"77,354"
415,8½,Drama            ,1963,138,8.0,93,"120,973"
416,Sói Lang Thang,"Animation, Action, Adventure            ",2020,103,8.0,87,"34,970"
417,Cuộc Đời Gandhi,"Biography, Drama, History            ",1982,191,8.0,79,"236,049"
418,La dolce vita,"Comedy, Drama            ",1960,174,8.0,95,"75,378"
419,The Straight Story,"Biography, Drama            ",1999,112,8.0,86,"93,021"
420,Vô Gian Đạo,"Action, Crime, Drama            ",2002,101,8.0,75,"127,438"
421,Anatomy of a Murder,"Drama, Mystery            ",1959,161,8.0,95,"68,283"
422,Đêm Của Kẻ Đi Săn,"Crime, Drama, Film-Noir            ",1955,92,8.0,97,"92,154"
423,Ngọn Đuốc Của Quỷ,"Crime, Drama, Film-Noir            ",1958,95,8.0,99,"106,808"
424,Zerkalo,"Biography, Drama            ",1975,107,8.0,82,"49,039"
425,Out of the Past,"Crime, Drama, Film-Noir            ",1947,97,8.0,85,"38,818"
426,Secrets & Lies,"Comedy, Drama            ",1996,136,8.0,91,"44,901"
427,Das Cabinet des Dr. Caligari,"Horror, Mystery, Thriller            ",1920,76,8.0,^^^^^^,"66,468"
428,The Hustler,"Drama, Sport            ",1961,134,8.0,90,"84,054"
429,Con Báo,"Drama, History            ",1963,186,8.0,100,"27,260"
430,Aida Và Cuộc Đàm Phán Sinh Tử,"Drama, History, War            ",2020,101,8.0,97,"35,724"
431,Fitzcarraldo,"Adventure, Drama            ",1982,158,8.0,^^^^^^,"36,373"
432,Sweet Smell of Success,"Drama, Film-Noir            ",1957,96,8.0,100,"33,660"
433,Chuyện Công Chúa Kaguya,"Animation, Drama, Family            ",2013,137,8.0,89,"49,512"
434,Cô Nàng Ngổ Ngáo,"Comedy, Drama, Romance            ",2001,137,8.0,^^^^^^,"49,235"
435,Biệt Đội Tinh Nhuệ,"Action, Crime, Drama            ",2007,115,8.0,33,"106,595"
436,Song of the Sea,"Animation, Adventure, Drama            ",2014,93,8.0,85,"60,464"
437,Giấc Mơ Kỳ Lạ,"Animation, Biography, Drama            ",2007,96,8.0,90,"96,975"
438,Le Samouraï,"Crime, Drama, Thriller            ",1967,105,8.0,^^^^^^,"53,451"
439,Dare mo shiranai,Drama            ,2004,141,8.0,88,"29,322"
440,Mar adentro,"Biography, Drama            ",I 2004,126,8.0,74,"83,316"
441,Stalag 17,"Comedy, Drama, War            ",1953,120,8.0,84,"57,028"
442,Tiếng Chuông Lặng Và Cánh Bướm,"Biography, Drama            ",2007,112,8.0,92,"108,840"
443,Brief Encounter,"Drama, Romance            ",1945,86,8.0,92,"41,769"
444,Sleuth,"Mystery, Thriller            ",1972,138,8.0,^^^^^^,"48,776"
445,Thời Thơ Ấu Của Ivan,"Drama, War            ",1962,95,8.0,^^^^^^,"38,006"
446,Dilwale Dulhania Le Jayenge,"Drama, Romance            ",1995,189,8.0,^^^^^^,"72,850"
447,Nostalgia,Drama            ,1983,125,8.0,^^^^^^,"28,361"
448,Người Tiễn Đưa,Drama            ,2008,130,8.0,68,"53,298"
449,La Strada,Drama            ,1954,108,8.0,^^^^^^,"64,723"
450,"Crna macka, beli macor","Comedy, Crime, Romance            ",1998,127,8.0,73,"55,084"
451,Viskningar och rop,Drama            ,1972,91,8.0,^^^^^^,"35,389"
452,"Xuân, Hạ, Thu, Đông... Rồi Lại Xuân","Drama, Romance            ",2003,103,8.0,85,"84,703"
453,Tạm Biệt Những Đứa Trẻ,"Drama, War            ",1987,104,8.0,88,"34,873"
454,Cây Lê Dại,Drama            ,2018,188,8.0,86,"25,514"
455,Kind Hearts and Coronets,"Comedy, Crime            ",1949,106,8.0,^^^^^^,"38,460"
456,El ángel exterminador,"Drama, Fantasy            ",1962,95,8.0,^^^^^^,"34,113"
457,Haider,"Action, Crime, Drama            ",2014,160,8.0,^^^^^^,"56,020"
458,Biệt Đội Tinh Nhuệ 2: Kẻ Thù Bên Trong,"Action, Crime, Drama            ",2010,115,8.0,71,"84,658"
459,The Shop Around the Corner,"Comedy, Drama, Romance            ",1940,99,8.0,96,"35,411"
460,Roma città aperta,"Drama, Thriller, War            ",1945,103,8.0,^^^^^^,"27,616"
461,Sanjuro,"Action, Drama, Thriller            ",1962,96,8.0,^^^^^^,"39,375"
462,Central do Brasil,Drama            ,1998,110,8.0,80,"40,791"
463,G.O.R.A.,"Adventure, Comedy, Sci-Fi            ",2004,127,8.0,^^^^^^,"64,470"
464,Cờ Thái Cực Giương Cao,"Action, Drama, War            ",2004,140,8.0,64,"40,334"
465,Nattvardsgästerna,Drama            ,1963,81,8.0,^^^^^^,"25,928"
466,Nefes: Vatan Sagolsun,"Action, Drama, Thriller            ",2009,128,8.0,^^^^^^,"34,357"
467,Andaz Apna Apna,"Action, Comedy, Romance            ",1994,160,8.0,^^^^^^,"54,159"
468,Vizontele,"Comedy, Drama            ",2001,110,8.0,^^^^^^,"37,622"
469,Special Chabbis,"Crime, Drama, Thriller            ",2013,144,8.0,^^^^^^,"57,422"
470,Lage Raho Munna Bhai,"Comedy, Drama, Romance            ",2006,144,8.0,^^^^^^,"48,119"
471,Cuộc Chiến Đa Vũ Trụ,"Action, Adventure, Comedy            ",2022,139,7.9,81,"442,436"
472,Mèo Đi Hia: Điều Ước Cuối Cùng,"Animation, Adventure, Comedy            ",2022,102,7.9,73,"126,484"
473,Titanic,"Drama, Romance            ",1997,194,7.9,75,"1,217,106"
474,Avatar,"Action, Adventure, Fantasy            ",2009,162,7.9,83,"1,340,251"
475,Kẻ Đâm Lén,"Comedy, Crime, Drama            ",2019,130,7.9,82,"725,259"
476,Người Sắt,"Action, Adventure, Sci-Fi            ",2008,126,7.9,79,"1,080,175"
477,Bohemian Rhapsody: Huyền Thoại Ngôi Sao Nhạc Rock,"Biography, Drama, Music            ",2018,134,7.9,49,"554,775"
478,Cuộc Đổ Bộ Bí Ẩn,"Drama, Mystery, Sci-Fi            ",II 2016,116,7.9,81,"716,977"
479,Ảo Mộng Thiên Đường,"Drama, Mystery, Thriller            ",2001,147,7.9,86,"366,149"
480,Nhóc Jojo,"Comedy, Drama, War            ",2019,108,7.9,58,"408,776"
481,Đêm Ăn Chơi,Drama            ,1997,155,7.9,85,"272,264"
482,Harry Potter và Tên Tù Nhân Ngục Azkaban,"Adventure, Family, Fantasy            ",2004,142,7.9,82,"653,992"
483,Gia Đình Nhà Cáo,"Animation, Adventure, Comedy            ",2009,87,7.9,83,"244,297"
484,Gần Như Nổi Tiếng,"Adventure, Comedy, Drama            ",2000,122,7.9,90,"283,126"
485,Thor: Tận Thế Ragnarok,"Action, Adventure, Comedy            ",2017,130,7.9,74,"773,678"
486,Gã Chằn Tinh Tốt Bụng,"Animation, Adventure, Comedy            ",2001,90,7.9,84,"698,116"
487,Cuộc Chiến Luân Hồi,"Action, Adventure, Sci-Fi            ",2014,113,7.9,71,"697,752"
488,Câu Chuyện Tuổi Teen,Drama            ,2012,103,7.9,67,"525,464"
489,Cặp Đôi Sát Thủ Ở Bruges,"Comedy, Crime, Drama            ",2008,107,7.9,67,"444,587"
490,True Romance,"Crime, Drama, Romance            ",1993,119,7.9,59,"232,849"
491,Star Trek: Du Hành Giữa Các Vì Sao,"Action, Adventure, Sci-Fi            ",2009,127,7.9,82,"609,820"
492,Điều Kỳ Diệu,"Drama, Family            ",I 2017,113,7.9,66,"170,031"
493,Những Đứa Trẻ Thời Chiến,"Action, Drama, Sci-Fi            ",2006,109,7.9,84,"510,883"
494,E.T: Sinh vật Ngoài Hành Tinh,"Adventure, Family, Sci-Fi            ",1982,115,7.9,91,"420,067"
495,Siêu Điệp Viên 1: Danh Tính Của Bourne,"Action, Mystery, Thriller            ",2002,119,7.9,68,"557,985"
496,Khu vực 9,"Action, Sci-Fi, Thriller            ",2009,112,7.9,81,"693,987"
497,Thời Thơ Ấu,Drama            ,I 2014,165,7.9,100,"359,752"
498,Giữa Bầy Xác Sống,"Comedy, Horror            ",2004,99,7.9,76,"570,329"
499,Dòng Sông Kì Bí,"Crime, Drama, Mystery            ",2003,138,7.9,84,"466,955"
500,Căn Bệnh Thế Kỷ,"Biography, Drama            ",2013,117,7.9,77,"499,589"
501,X-Men: Ngày Cũ Của Tương Lai,"Action, Adventure, Sci-Fi            ",2014,132,7.9,75,"724,073"
502,Người Kéo Học Yêu,"Drama, Fantasy, Romance            ",1990,105,7.9,74,"502,096"
503,The Searchers,"Adventure, Drama, Western            ",1956,119,7.9,94,"92,448"
504,Cuộc Đời Của Pi,"Adventure, Drama, Fantasy            ",2012,127,7.9,79,"644,312"
505,Câu Chuyện Hôn Nhân,"Drama, Romance            ",2019,137,7.9,94,"323,640"
506,Tinh Anh Em,"Action, Adventure, Comedy            ",1980,133,7.9,60,"205,557"
507,This Is Spinal Tap,"Comedy, Music            ",1984,82,7.9,92,"142,661"
508,Mười Điều Răn Của Chúa,"Adventure, Drama, Family            ",1956,220,7.9,^^^^^^,"74,241"
509,Ngọa Hổ Tàng Long,"Action, Adventure, Drama            ",2000,120,7.9,94,"275,309"
510,All the President's Men,"Drama, History, Thriller            ",1976,138,7.9,84,"119,872"
511,Người Bất Tử,"Drama, Fantasy, Mystery            ",2007,87,7.9,^^^^^^,"192,307"
512,Anh Chàng Hay Mơ,"Drama, Sci-Fi            ",1985,132,7.9,84,"204,847"
513,Câu Chuyện Đồ Chơi 2,"Animation, Adventure, Comedy            ",1999,92,7.9,88,"594,368"
514,Câu Đố,"Comedy, Mystery, Romance            ",1963,113,7.9,83,"80,940"
515,Võ Sĩ,"Drama, Sport            ",2008,109,7.9,80,"312,602"
516,Con Đường Tội Lỗi Của Carlito,"Crime, Drama, Thriller            ",1993,144,7.9,66,"224,085"
517,Thời Kỳ Đại Suy Thoái,"Crime, Drama, Film-Noir            ",1945,111,7.9,88,"27,249"
518,Spartacus,"Adventure, Biography, Drama            ",1960,197,7.9,87,"138,316"
519,Bound by Honor,"Crime, Drama            ",1993,180,7.9,47,"32,586"
520,Ứng Cử Viên Bị Giật Dây,"Drama, Thriller            ",1962,126,7.9,94,"77,185"
521,Chuyến Tàu Mang Tên Dục Vọng,Drama            ,1951,122,7.9,97,"110,943"
522,Before Midnight,"Drama, Romance            ",2013,109,7.9,94,"164,043"
523,Một Nắm Đô La,"Action, Drama, Western            ",1964,99,7.9,65,"223,028"
524,Kôkaku kidôtai,"Animation, Action, Crime            ",1995,83,7.9,76,"148,040"
525,Đêm Kinh Hoàng Trước Giáng Sinh,"Animation, Family, Fantasy            ",1993,76,7.9,82,"351,017"
526,Låt den rätte komma in,"Drama, Fantasy, Horror            ",2008,114,7.9,82,"221,245"
527,Những Tay Súng Miền Hoang Dã,"Action, Adventure, Drama            ",1969,145,7.9,98,"87,228"
528,Nosferatu,"Fantasy, Horror            ",1922,94,7.9,^^^^^^,"100,608"
529,Togo,"Adventure, Biography, Drama            ",2019,113,7.9,69,"51,751"
530,Đột kích 2: Kẻ sát nhân,"Action, Crime, Thriller            ",2014,150,7.9,71,"126,839"
531,Doctor Zhivago,"Drama, Romance, War            ",1965,197,7.9,69,"79,226"
532,Anh Hùng,"Action, Adventure, Drama            ",2002,120,7.9,85,"184,254"
533,Sing Street,"Comedy, Drama, Music            ",2016,106,7.9,79,"97,120"
534,Những Lá Thư Từ Iwo Jima,"Action, Adventure, Drama            ",2006,141,7.9,89,"166,047"
535,King Kong,"Adventure, Horror, Sci-Fi            ",1933,100,7.9,92,"87,764"
536,Dancer in the Dark,"Crime, Drama, Musical            ",2000,140,7.9,61,"112,864"
537,Sức Nóng Màn Đêm,"Drama, Mystery, Thriller            ",1967,110,7.9,76,"79,295"
538,Ba Sắc Màu: Xanh,"Drama, Music, Mystery            ",1993,94,7.9,86,"105,842"
539,Nghệ Sĩ,"Comedy, Drama, Romance            ",I 2011,100,7.9,89,"244,642"
540,The Killing,"Crime, Drama, Film-Noir            ",1956,84,7.9,91,"92,446"
541,Taeksi woonjunsa,"Action, Drama, History            ",2017,137,7.9,69,"27,193"
542,Harold and Maude,"Comedy, Drama, Romance            ",1971,91,7.9,62,"79,459"
543,Câu Chuyện Về Notorious,"Drama, Film-Noir, Romance            ",1946,102,7.9,100,"103,501"
544,Kẻ Trộm Siêu Thị,"Crime, Drama, Thriller            ",2018,121,7.9,93,"80,446"
545,Lời Thì Thầm Của Trái Tim,"Animation, Drama, Family            ",1995,111,7.9,75,"66,353"
546,Once Were Warriors,"Crime, Drama            ",1994,102,7.9,77,"35,419"
547,The Lion in Winter,"Biography, Drama, History            ",1968,134,7.9,^^^^^^,"32,545"
548,The Big Sleep,"Crime, Film-Noir, Mystery            ",1946,114,7.9,86,"87,863"
549,Câu Chuyện Giáng Sinh,"Comedy, Family            ",1983,93,7.9,77,"160,740"
550,Rope,"Crime, Drama, Mystery            ",1948,80,7.9,73,"147,577"
551,Kẻ Lạ Trên Chuyến Tàu,"Crime, Drama, Film-Noir            ",1951,101,7.9,88,"136,713"
552,Hable con ella,"Drama, Mystery, Romance            ",2002,112,7.9,86,"114,795"
553,Patton,"Biography, Drama, War            ",1970,172,7.9,86,"104,874"
554,The Adventures of Robin Hood,"Action, Adventure, Romance            ",1938,102,7.9,97,"52,736"
555,Amour,Drama            ,2012,127,7.9,95,"102,768"
556,Rắc Rối Tuổi Teen,Drama            ,2013,96,7.9,82,"89,471"
557,The Philadelphia Story,"Comedy, Romance            ",1940,112,7.9,96,"71,359"
558,Arsenic and Old Lace,"Comedy, Crime, Thriller            ",1944,118,7.9,^^^^^^,"72,593"
559,Cat on a Hot Tin Roof,Drama            ,1958,108,7.9,84,"51,326"
560,Gegen die Wand,"Drama, Romance            ",2004,121,7.9,78,"55,773"
561,Tên tôi là Khan,"Adventure, Drama, Romance            ",2010,165,7.9,50,"110,677"
562,Amarcord,"Comedy, Drama            ",1973,123,7.9,^^^^^^,"45,001"
563,Bin-jip,"Crime, Drama, Romance            ",2004,88,7.9,72,"56,508"
564,Il conformista,Drama            ,1970,113,7.9,100,"31,961"
565,In Cold Blood,"Biography, Crime, Drama            ",1967,134,7.9,89,"27,647"
566,Harvey,"Comedy, Drama, Fantasy            ",1950,104,7.9,^^^^^^,"56,763"
567,Laura,"Drama, Film-Noir, Mystery            ",1944,88,7.9,^^^^^^,"49,027"
568,The Thin Man,"Comedy, Crime, Mystery            ",1934,91,7.9,86,"31,226"
569,Kal Ho Naa Ho,"Comedy, Drama, Musical            ",2003,186,7.9,54,"71,779"
570,Sacrifice,Drama            ,1986,149,7.9,^^^^^^,"29,492"
571,"4 Tháng, 3 Tuần và 2 Ngày",Drama            ,2007,113,7.9,97,"61,725"
572,Võ Sĩ Thế Thân,"Drama, History, War            ",1980,180,7.9,84,"36,752"
573,In a Lonely Place,"Drama, Film-Noir, Mystery            ",1950,94,7.9,^^^^^^,"33,047"
574,Jab We Met,"Comedy, Drama, Romance            ",2007,138,7.9,^^^^^^,"55,545"
575,Le cercle rouge,"Crime, Drama, Thriller            ",1970,140,7.9,92,"26,510"
576,The Lost Weekend,"Drama, Film-Noir            ",1945,101,7.9,^^^^^^,"38,565"
577,Cái Nóng Oi Ả,"Crime, Film-Noir, Thriller            ",1953,89,7.9,^^^^^^,"27,676"
578,Hoje Eu Quero Voltar Sozinho,"Drama, Romance            ",2014,96,7.9,71,"26,399"
579,Nueve reinas,"Crime, Drama, Thriller            ",2000,114,7.9,80,"54,671"
580,Cô Giáo Elly,"Drama, Mystery            ",2009,119,7.9,87,"54,964"
581,La règle du jeu,"Comedy, Drama            ",1939,110,7.9,99,"30,098"
582,Miracle on 34th Street,"Comedy, Drama, Family            ",1947,96,7.9,88,"51,156"
583,Super 30,"Biography, Drama            ",2019,154,7.9,^^^^^^,"33,868"
584,Hiroshima Tình Yêu Của Tôi,"Drama, Romance            ",1959,90,7.9,^^^^^^,"33,855"
585,Bronenosets Potemkin,"Drama, History, Thriller            ",1925,75,7.9,97,"59,411"
586,Ascenseur pour l'échafaud,"Crime, Drama, Thriller            ",1958,91,7.9,94,"27,023"
587,Sullivan's Travels,"Adventure, Comedy, Drama            ",1941,90,7.9,^^^^^^,"27,372"
588,No Man's Land,"Comedy, Drama, War            ",I 2001,98,7.9,84,"47,882"
589,Vozvrashchenie,Drama            ,2003,110,7.9,82,"46,354"
590,Såsom i en spegel,Drama            ,1961,90,7.9,84,"26,280"
591,C.R.A.Z.Y.,"Comedy, Drama            ",2005,129,7.9,81,"33,440"
592,La Belle et la Bête,"Drama, Fantasy, Romance            ",1946,96,7.9,92,"27,186"
593,Gully Boy,"Drama, Music, Romance            ",2019,154,7.9,65,"41,222"
594,M.S. Dhoni: The Untold Story,"Biography, Drama, Sport            ",2016,184,7.9,^^^^^^,"62,717"
595,Đội Đặc Vụ Baby,"Action, Crime, Thriller            ",I 2015,159,7.9,^^^^^^,"58,763"
596,Airlift,"Action, Drama, History            ",2016,130,7.9,^^^^^^,"57,802"
597,Dev.D,"Comedy, Drama, Romance            ",2009,144,7.9,^^^^^^,"31,330"
598,Badhaai ho,"Comedy, Drama            ",2018,124,7.9,^^^^^^,"35,924"
599,Padman,"Comedy, Drama            ",2018,140,7.9,^^^^^^,"27,198"
600,Batman: Vạch Trần Sự Thật,"Action, Crime, Drama            ",2022,176,7.8,72,"696,854"
601,The Right Stuff,"Adventure, Biography, Drama            ",1983,193,7.8,91,"63,119"
602,Phía Tây Không Có Gì Lạ,"Action, Drama, War            ",2022,148,7.8,76,"202,386"
603,Quý Ông Thế Giới Ngầm,"Action, Comedy, Crime            ",2019,113,7.8,51,"359,233"
604,Rogue One: Star Wars Ngoại Truyện,"Action, Adventure, Sci-Fi            ",2016,133,7.8,65,"656,303"
605,Kiêu Hãnh và Định Kiến,"Drama, Romance            ",2005,129,7.8,82,"307,384"
606,RRR (Rise Roar Revolt),"Action, Drama            ",2022,187,7.8,83,"149,145"
607,Chiến Tranh Giữa Các Vì Sao Tập 7: Thần Lực Thức Tỉnh,"Action, Adventure, Sci-Fi            ",2015,138,7.8,80,"945,982"
608,Nhật Ký Tình Yêu,"Drama, Romance            ",2004,123,7.8,53,"586,966"
609,Những Người Phụ Nữ Bé Nhỏ,"Drama, Romance            ",2019,135,7.8,91,"218,263"
610,Hội Điểm Tâm,"Comedy, Drama            ",1985,97,7.8,66,"412,776"
611,Tay Lái Siêu Hạng,"Action, Drama            ",I 2011,100,7.8,78,"662,616"
612,Gọi Em Bằng Tên Anh,"Drama, Romance            ",2017,132,7.8,94,"287,342"
613,Tombstone,"Biography, Drama, History            ",1993,130,7.8,50,"155,471"
614,Tám Hận Thù,"Crime, Drama, Mystery            ",2015,168,7.8,68,"621,977"
615,Cuộc Di Tản Dunkirk,"Action, Drama, History            ",2017,106,7.8,94,"680,488"
616,Đại Suy Thoái,"Biography, Comedy, Drama            ",2015,130,7.8,81,"445,771"
617,Giang Hồ Mỹ,"Biography, Crime, Drama            ",2007,157,7.8,76,"435,798"
618,Người Đàn Ông Ireland,"Biography, Crime, Drama            ",2019,209,7.8,94,"402,406"
619,Đế Chế Maya,"Action, Adventure, Drama            ",2006,139,7.8,68,"319,632"
620,Kỳ Nghỉ Của Ferris Bueller,Comedy            ,1986,103,7.8,61,"368,760"
621,Đã Đến Lúc,"Comedy, Drama, Fantasy            ",I 2013,123,7.8,55,"363,571"
622,Người Hobbit: Hành Trình Vô Định,"Adventure, Fantasy            ",2012,169,7.8,58,"842,918"
623,Hoa Hậu Nhí,"Comedy, Drama            ",2006,101,7.8,80,"494,472"
624,Chuộc Lỗi,"Drama, Mystery, Romance            ",2007,123,7.8,85,"286,867"
625,Cô Gái Có Hình Xăm Rồng,"Crime, Drama, Mystery            ",2011,158,7.8,71,"473,529"
626,Bộ Ba Ưu Việt,"Biography, Drama, History            ",2016,127,7.8,74,"240,013"
627,Một Mình Trên Hoang Đảo,"Adventure, Drama, Romance            ",2000,143,7.8,73,"608,126"
628,Kẻ Săn Tin Đen,"Crime, Drama, Thriller            ",2014,117,7.8,76,"567,904"
629,Mạng Xã Hội,"Biography, Drama            ",2010,120,7.8,95,"721,743"
630,Cánh Đồng Chết,"Biography, Drama, History            ",1984,141,7.8,76,"57,142"
631,Cưỡng Đoạt,"Action, Crime, Thriller            ",I 2008,90,7.8,51,"613,803"
632,Dị Nhân Benjamin,"Drama, Fantasy, Romance            ",2008,166,7.8,70,"666,698"
633,Biệt Đội Săn Ma,"Action, Comedy, Fantasy            ",1984,105,7.8,71,"424,972"
634,Moonrise Kingdom,"Comedy, Drama, Family            ",2012,94,7.8,84,"356,482"
635,Siêu Cớm,"Action, Comedy, Mystery            ",2007,121,7.8,81,"516,321"
636,Quái Thú Vô Hình,"Action, Adventure, Horror            ",1987,107,7.8,47,"433,577"
637,Đội Bóng Phi Thường,"Biography, Drama, Sport            ",2000,113,7.8,48,"221,859"
638,Captain America: Nội Chiến Siêu Anh Hùng,"Action, Sci-Fi            ",2016,147,7.8,75,"809,466"
639,Công Nghệ Gen,"Drama, Sci-Fi, Thriller            ",1997,106,7.8,64,"311,726"
640,Willy Wonka và Nhà Máy Sôcôla,"Family, Fantasy, Musical            ",1971,100,7.8,67,"208,842"
641,Verdens verste menneske,"Comedy, Drama, Romance            ",2021,128,7.8,90,"79,276"
642,Tử Địa Skyfall,"Action, Adventure, Thriller            ",2012,143,7.8,81,"708,776"
643,Captain America: Chiến Binh Mùa Đông,"Action, Adventure, Sci-Fi            ",2014,136,7.8,70,"864,680"
644,Lũ Quỷ Nhỏ,"Comedy, Drama, Family            ",1993,101,7.8,55,"96,220"
645,Manchester by the Sea,Drama            ,2016,137,7.8,96,"292,977"
646,Không Thể Mua Chuộc,"Crime, Drama, Thriller            ",1987,119,7.8,79,"318,186"
647,Captain Fantastic,"Comedy, Drama            ",2016,118,7.8,72,"224,923"
648,Mary Poppins,"Comedy, Family, Fantasy            ",1964,139,7.8,88,"178,118"
649,Boyz n the Hood,"Crime, Drama            ",1991,112,7.8,76,"145,982"
650,Trở Về Tương Lai Phần 2,"Adventure, Comedy, Sci-Fi            ",1989,108,7.8,57,"546,969"
651,Ác Nhân,"Action, Crime, Drama            ",2010,144,7.8,67,"136,696"
652,Người Hobbit: Đại Chiến Với Rồng Lửa,Fantasy            ,2013,161,7.8,66,"677,929"
653,Kẻ Đào Tẩu,"Action, Crime, Drama            ",1993,130,7.8,87,"304,041"
654,La montaña sagrada,"Adventure, Drama, Fantasy            ",1973,114,7.8,76,"45,233"
655,Awakenings,"Biography, Drama            ",1990,121,7.8,74,"148,554"
656,Chuyện Ở Bronx,"Crime, Drama            ",1993,121,7.8,80,"148,201"
657,Nữ Anh Hùng Misery,"Drama, Thriller            ",1990,107,7.8,75,"220,500"
658,Sứ Mệnh Hiểm Nguy,"Action, Adventure, Sci-Fi            ",2005,119,7.8,74,"300,004"
659,Biệt Đội Big Hero 6,"Animation, Action, Adventure            ",2014,102,7.8,74,"475,322"
660,Thirteen Lives,"Action, Adventure, Biography            ",2022,147,7.8,66,"60,228"
661,Đảo Của Những Chú Chó,"Animation, Adventure, Comedy            ",2018,101,7.8,82,"176,858"
662,Mặt Trăng,"Drama, Mystery, Sci-Fi            ",2009,97,7.8,67,"366,168"
663,Võ Sĩ Đạo Cuối Cùng,"Action, Drama            ",2003,154,7.8,55,"451,349"
664,Thuyền Trưởng Phillips,"Action, Biography, Crime            ",2013,134,7.8,82,"472,302"
665,Những Cậu Bé Hỏa Tiễn,"Biography, Drama, Family            ",1999,108,7.8,71,"94,321"
666,Võ Sĩ,"Action, Biography, Drama            ",I 2010,116,7.8,79,"376,479"
667,Dọc Đường Gió Bụi,"Biography, Drama, Music            ",2005,136,7.8,72,"256,989"
668,Män som hatar kvinnor,"Crime, Drama, Mystery            ",2009,152,7.8,76,"219,418"
669,Gấu Paddington 2,"Adventure, Comedy, Family            ",2017,103,7.8,88,"84,637"
670,Vinh Quang,"Biography, Drama, History            ",1989,122,7.8,78,"138,580"
671,Bí Kíp Luyện Rồng 2,"Animation, Action, Adventure            ",2014,102,7.8,77,"346,751"
672,Ban Nhạc Rap Huyền Thoại,"Biography, Drama, History            ",2015,147,7.8,72,"208,625"
673,Nội Gián,"Biography, Drama, Thriller            ",1999,157,7.8,84,"174,694"
674,Đi Tìm Vận May,Drama            ,1969,113,7.8,79,"114,808"
675,Cú Ngã,"Adventure, Drama, Fantasy            ",I 2006,117,7.8,64,"114,213"
676,My Fair Lady,"Drama, Family, Musical            ",1964,170,7.8,95,"98,310"
677,Hunt for the Wilderpeople,"Adventure, Comedy, Drama            ",2016,101,7.8,81,"134,918"
678,Kẻ Ngoài Vòng Pháp Luật,Western            ,1976,135,7.8,69,"76,386"
679,Cô Phù Thủy Nhỏ Kiki,"Animation, Family, Fantasy            ",1989,103,7.8,85,"151,318"
680,The Conversation,"Drama, Mystery, Thriller            ",1974,113,7.8,87,"115,594"
681,Kẻ Lập Dị,"Crime, Drama, Mystery            ",2013,131,7.8,49,"123,076"
682,The Remains of the Day,"Drama, Romance            ",1993,134,7.8,86,"78,279"
683,Red River,"Drama, Western            ",1948,133,7.8,96,"32,546"
684,Dawn of the Dead,"Horror, Thriller            ",1978,127,7.8,71,"124,023"
685,The King of Comedy,"Comedy, Crime, Drama            ",1982,109,7.8,73,"109,013"
686,Cabaret,"Drama, Music, Musical            ",1972,124,7.8,80,"57,030"
687,Bàn Chân Trái Của Tôi,"Biography, Drama            ",1989,103,7.8,97,"76,725"
688,Đêm Của Những Thây Ma,"Horror, Thriller            ",1968,96,7.8,89,"133,052"
689,Dòng Sông Mãnh Liệt,"Crime, Drama, Mystery            ",1988,128,7.8,65,"104,102"
690,Sự Hoài Nghi,"Biography, Crime, Drama            ",2008,141,7.8,63,"259,640"
691,Ngày Thiên Đường,"Drama, Romance            ",1978,94,7.8,93,"59,972"
692,Gà Trống Nuôi Con,Drama            ,1979,105,7.8,77,"149,262"
693,Kẻ Bất Tài,"Biography, Comedy, Drama            ",1994,127,7.8,70,"179,509"
694,Người Mẹ,"Crime, Drama, Mystery            ",2009,129,7.8,79,"67,397"
695,Một Lần Như Thế,"Drama, Music, Romance            ",I 2007,86,7.8,90,"118,690"
696,East of Eden,Drama            ,1955,118,7.8,72,"47,009"
697,Breaking the Waves,Drama            ,1996,159,7.8,81,"69,099"
698,Gaslight,"Crime, Drama, Mystery            ",1944,114,7.8,78,"31,145"
699,Pride,"Biography, Comedy, Drama            ",I 2014,119,7.8,79,"59,261"
700,Freaks,"Drama, Horror            ",1932,64,7.8,80,"48,210"
701,Stagecoach,"Adventure, Drama, Western            ",1939,96,7.8,93,"51,143"
702,To Have and Have Not,"Adventure, Comedy, Film-Noir            ",1944,100,7.8,90,"36,341"
703,All That Jazz,"Drama, Music, Musical            ",1979,123,7.8,72,"33,364"
704,The Day the Earth Stood Still,"Drama, Sci-Fi            ",1951,92,7.8,83,"83,547"
705,Manhattan,"Comedy, Drama, Romance            ",1979,96,7.8,83,"142,901"
706,Frankenstein,"Drama, Horror, Sci-Fi            ",1931,70,7.8,91,"75,521"
707,Kẻ Săn Đuổi,"Action, Crime, Drama            ",2008,125,7.8,64,"69,034"
708,Vincent Thương Mến,"Animation, Drama, Mystery            ",2017,94,7.8,62,"60,246"
709,Lilja 4-ever,"Crime, Drama            ",2002,109,7.8,83,"47,100"
710,Guess Who's Coming to Dinner,"Comedy, Drama            ",1967,108,7.8,63,"46,847"
711,Todo sobre mi madre,Drama            ,1999,101,7.8,87,"99,447"
712,"Aguirre, der Zorn Gottes","Action, Adventure, Biography            ",1972,95,7.8,^^^^^^,"59,006"
713,The Day of the Jackal,"Crime, Drama, Thriller            ",1973,143,7.8,80,"42,418"
714,Hannah and Her Sisters,"Comedy, Drama            ",1986,107,7.8,90,"73,344"
715,Tay Đua Huyền Thoại,"Biography, Drama, Sport            ",2005,127,7.8,68,"56,408"
716,Dải Ruy Băng Trắng,"Drama, Mystery, Thriller            ",2009,144,7.8,84,"75,367"
717,Jûbê ninpûchô,"Animation, Action, Adventure            ",1993,94,7.8,^^^^^^,"38,763"
718,The Man Who Would Be King,"Adventure, War            ",1975,129,7.8,91,"50,426"
719,Mảnh Đất Của Tôi,"Drama, History, War            ",2015,100,7.8,75,"43,134"
720,Shadow of a Doubt,"Film-Noir, Thriller            ",1943,108,7.8,94,"67,605"
721,Le charme discret de la bourgeoisie,Comedy            ,1972,102,7.8,93,"44,793"
722,Bringing Up Baby,Comedy            ,1938,102,7.8,91,"63,552"
723,Nhà Tiên Tri,"Crime, Drama            ",2009,155,7.8,90,"100,146"
724,"I, Daniel Blake",Drama            ,2016,100,7.8,78,"61,936"
725,The Innocents,Horror            ,1961,100,7.8,88,"31,570"
726,Chiếc Hộp Lạ Kì,"Drama, Romance            ",2013,104,7.8,76,"58,017"
727,Batman: Mask of the Phantasm,"Animation, Action, Adventure            ",1993,76,7.8,65,"53,366"
728,His Girl Friday,"Comedy, Drama, Romance            ",1940,92,7.8,^^^^^^,"60,704"
729,Les parapluies de Cherbourg,"Drama, Musical, Romance            ",1964,91,7.8,86,"29,073"
730,Duck Soup,"Comedy, Musical            ",1933,69,7.8,93,"61,365"
731,Les choristes,"Comedy, Drama, Music            ",2004,97,7.8,56,"64,484"
732,The Lady Vanishes,"Mystery, Thriller            ",1938,96,7.8,98,"54,677"
733,Điệp Huyết Song Hùng,"Action, Crime, Drama            ",1989,111,7.8,82,"49,516"
734,Cowboy Bebop: Tengoku no tobira,"Animation, Action, Crime            ",2001,115,7.8,61,"50,559"
735,Bride of Frankenstein,"Drama, Horror, Sci-Fi            ",1935,75,7.8,95,"50,450"
736,You Can't Take It with You,"Comedy, Drama, Romance            ",1938,126,7.8,^^^^^^,"26,749"
737,The Asphalt Jungle,"Crime, Drama, Film-Noir            ",1950,112,7.8,85,"28,447"
738,Crimes and Misdemeanors,"Comedy, Drama            ",1989,104,7.8,77,"59,270"
739,Vivre sa vie: Film en douze tableaux,Drama            ,1962,80,7.8,^^^^^^,"33,417"
740,Vai Diễn Ngàn Năm,"Animation, Drama, Fantasy            ",2001,87,7.8,70,"29,675"
741,Soshite chichi ni naru,Drama            ,2013,121,7.8,73,"26,369"
742,Il postino,"Biography, Comedy, Drama            ",1994,108,7.8,81,"37,609"
743,Một Thời Ở Anatolia,"Crime, Drama, Thriller            ",2011,157,7.8,82,"47,744"
744,L'avventura,"Drama, Mystery, Romance            ",1960,144,7.8,^^^^^^,"31,040"
745,Tôkyô goddofâzâzu,"Animation, Adventure, Comedy            ",2003,92,7.8,74,"43,036"
746,Knockin' on Heaven's Door,"Action, Crime, Comedy            ",1997,87,7.8,^^^^^^,"32,013"
747,Ma vie de Courgette,"Animation, Comedy, Drama            ",2016,66,7.8,85,"26,964"
748,Veer-Zaara,"Drama, Family, Musical            ",2004,192,7.8,67,"54,833"
749,Tiếng Anh Là Chuyện Nhỏ,"Comedy, Drama, Family            ",2012,134,7.8,^^^^^^,"37,523"
750,A Night at the Opera,"Comedy, Music, Musical            ",1935,96,7.8,^^^^^^,"33,661"
751,Vicky Donor,"Comedy, Romance            ",2012,126,7.8,^^^^^^,"44,279"
752,Hindi Medium,"Comedy, Drama            ",2017,132,7.8,^^^^^^,"30,420"
753,Avatar: Dòng Chảy Của Nước,"Action, Adventure, Fantasy            ",2022,192,7.7,67,"377,198"
754,The Whale,Drama            ,2022,117,7.7,60,"140,869"
755,The Banshees of Inisherin,"Comedy, Drama            ",2022,114,7.7,87,"205,703"
756,Aftersun,Drama            ,II 2022,102,7.7,95,"61,230"
757,Trốn Thoát,"Horror, Mystery, Thriller            ",I 2017,104,7.7,85,"638,703"
758,The Goonies,"Adventure, Comedy, Family            ",1985,114,7.7,62,"284,307"
759,Mật Vụ Kingsman,"Action, Adventure, Comedy            ",2014,129,7.7,60,"684,640"
760,Ma Cây 2,"Comedy, Horror            ",1987,84,7.7,72,"172,418"
761,Ba Chàng Ngự Lâm,Comedy            ,2009,100,7.7,73,"806,134"
762,Vùng Đất Tử Thần,"Crime, Drama, Mystery            ",2017,107,7.7,73,"261,823"
763,Người Máy Trỗi Dậy,"Drama, Sci-Fi, Thriller            ",2014,108,7.7,78,"560,550"
764,Diều Hâu Gãy Cánh,"Action, Drama, History            ",2001,144,7.7,74,"406,220"
765,Harry Potter và Chiếc Cốc Lửa,"Adventure, Family, Fantasy            ",2005,157,7.7,81,"645,414"
766,Phán Quyết,"Adventure, Drama, Thriller            ",1972,109,7.7,80,"113,923"
767,Nhiệm Vụ Bất Khả Thi: Sụp Đổ,"Action, Adventure, Thriller            ",2018,147,7.7,86,"343,900"
768,Chuyện Tình Sau Núi,"Drama, Romance            ",2005,134,7.7,87,"366,921"
769,Sát Nhân Huyền Thoại,"Crime, Drama, Mystery            ",2007,157,7.7,79,"560,192"
770,La vie d'Adèle,"Drama, Romance            ",2013,180,7.7,90,"156,914"
771,Chiến Dịch Sinh Tử,"Biography, Drama, Thriller            ",2012,120,7.7,86,"624,073"
772,Cô Bé Coraline,"Animation, Drama, Family            ",2009,100,7.7,80,"242,027"
773,Tột Cùng Sợ Hãi,"Crime, Drama, Mystery            ",1996,129,7.7,47,"231,291"
774,Chuyến Bay Tình Yêu,Comedy            ,1980,88,7.7,78,"248,057"
775,Ở Nhà Một Mình,"Comedy, Family            ",1990,103,7.7,63,"603,336"
776,Bá Tước Monte Cristo,"Action, Adventure, Drama            ",2002,131,7.7,61,"142,321"
777,Người Đỡ Đạn,"Action, Crime, Drama            ",2004,146,7.7,47,"371,406"
778,Apollo 13: Bí Ẩn Mặt Trăng,"Adventure, Drama, History            ",I 1995,140,7.7,77,"302,796"
779,Blue Velvet,"Crime, Drama, Mystery            ",1986,120,7.7,76,"205,709"
780,Harry Potter và Bảo Bối Tử Thần: Phần 1,"Adventure, Family, Fantasy            ",2010,146,7.7,65,"566,502"
781,11 Tên Cướp Thế Kỷ,"Crime, Thriller            ",2001,116,7.7,74,"590,122"
782,Công Chúa Tóc Mây,"Animation, Adventure, Comedy            ",2010,100,7.7,71,"467,899"
783,Trò Chơi Ma Quỷ,"Drama, Mystery, Thriller            ",1997,129,7.7,63,"408,356"
784,Cảnh Sát Trưởng Da Đen,"Comedy, Western            ",1974,93,7.7,73,"144,326"
785,Người Mohican Cuối Cùng,"Action, Adventure, Drama            ",1992,112,7.7,76,"177,069"
786,Lạc Lối Ở Tokyo,"Comedy, Drama            ",2003,102,7.7,91,"466,516"
787,500 Ngày Yêu,"Comedy, Drama, Romance            ",2009,95,7.7,76,"529,642"
788,Tình Yêu Tìm Lại,"Comedy, Drama, Romance            ",2012,122,7.7,81,"720,718"
789,Druk,"Comedy, Drama            ",2020,117,7.7,79,"172,873"
790,Y tu mamá también,Drama            ,2001,106,7.7,89,"125,542"
791,Hững Hờ,Drama            ,2011,98,7.7,52,"90,966"
792,Mr. Nobody,"Drama, Fantasy, Romance            ",2009,141,7.7,63,"238,609"
793,Câu Chuyện Lego,"Animation, Action, Adventure            ",2014,100,7.7,83,"367,893"
794,Key Largo,"Action, Crime, Drama            ",1948,100,7.7,^^^^^^,"42,416"
795,Người Chim hay (Công Dụng Không Ngờ Của Việc Kém Nổi Tiếng),"Comedy, Drama            ",2014,119,7.7,87,"644,554"
796,Ngày Huấn Luyện,"Action, Crime, Drama            ",2001,122,7.7,69,"449,280"
797,Tình Yêu Của Gilbert Grape,Drama            ,1993,118,7.7,73,"243,697"
798,X-Men: Thế Hệ Thứ Nhất,"Action, Sci-Fi            ",2011,131,7.7,65,"703,913"
799,Chỉ Vài Người Tốt,"Drama, Thriller            ",1992,138,7.7,62,"272,667"
800,Đế Chế Mặt Trời,"Drama, War            ",1987,153,7.7,62,"129,735"
801,Malcolm X,"Biography, Drama, History            ",1992,202,7.7,73,"97,940"
802,Câu Chuyện Đồ Chơi 4,"Animation, Adventure, Comedy            ",2019,100,7.7,84,"261,106"
803,Gã Thợ Máy,"Drama, Thriller            ",2004,101,7.7,61,"400,255"
804,Con Đường Diệt Vong,"Crime, Drama, Thriller            ",2002,117,7.7,72,"275,524"
805,Đổ Vỡ,"Crime, Drama, Thriller            ",I 2004,112,7.7,66,"442,060"
806,Rambo: Đổ Máu,"Action, Adventure, Thriller            ",1982,93,7.7,61,"261,743"
807,Nửa Đêm Ở Paris,"Comedy, Fantasy, Romance            ",2011,94,7.7,81,"434,106"
808,Sát Nhân Halloween,"Horror, Thriller            ",1978,91,7.7,87,"288,186"
809,Lý Trí Và Tình Cảm,"Drama, Romance            ",1995,136,7.7,84,"119,925"
810,Ráp-phờ Đập Phá,"Animation, Adventure, Comedy            ",2012,101,7.7,72,"435,649"
811,As Good as It Gets,"Comedy, Drama, Romance            ",1997,139,7.7,67,"306,893"
812,3 Kẻ Trốn Tù,"Adventure, Comedy, Crime            ",2000,107,7.7,69,"319,543"
813,En man som heter Ove,"Comedy, Drama, Romance            ",2015,116,7.7,70,"62,932"
814,Chú bé mang pyjama sọc,"Drama, War            ",2008,94,7.7,55,"229,023"
815,Phiên Tòa Chicago 7,"Drama, History, Thriller            ",2020,129,7.7,76,"183,583"
816,Ai Mưu Hại Thỏ Roger?,"Animation, Adventure, Comedy            ",1988,104,7.7,83,"207,564"
817,Súng Thần,"Action, Thriller            ",1999,108,7.7,44,"243,167"
818,Siêu Điệp Viên 2: Quyền Lực Của Bourne,"Action, Mystery, Thriller            ",2004,108,7.7,73,"472,900"
819,Khi Lỗi Thuộc Về Những Vì Sao,"Drama, Romance            ",2014,126,7.7,69,"386,489"
820,Cuộc Chiến Không Trọng Lực,"Drama, Sci-Fi, Thriller            ",2013,91,7.7,96,"839,689"
821,Bảy Tay Súng Huyền Thoại,"Action, Adventure, Drama            ",1960,128,7.7,74,"98,069"
822,Sound of Metal,"Drama, Music            ",2019,120,7.7,82,"136,415"
823,Star Trek: Chìm Trong Bóng Tối,"Action, Adventure, Sci-Fi            ",2013,132,7.7,72,"488,891"
824,Lật Ngược,"Comedy, Drama, Romance            ",I 2010,90,7.7,45,"93,342"
825,Thử Làm John Malkovich,"Comedy, Drama, Fantasy            ",1999,113,7.7,90,"343,471"
826,Donnie Brasco: Kẻ Nằm Vùng,"Biography, Crime, Drama            ",1997,127,7.7,76,"316,338"
827,Adaptation.,"Comedy, Drama            ",2002,115,7.7,83,"196,834"
828,Happiness,"Comedy, Drama            ",1998,134,7.7,81,"72,020"
829,Serpico,"Biography, Crime, Drama            ",1973,130,7.7,81,"127,776"
830,When Harry Met Sally...,"Comedy, Drama, Romance            ",1989,95,7.7,76,"228,058"
831,Dirty Harry,"Action, Crime, Thriller            ",1971,102,7.7,87,"161,410"
832,Màu tía,Drama            ,1985,154,7.7,78,"90,100"
833,Chuyến Tàu Tới Yuma,"Action, Crime, Drama            ",2007,122,7.7,76,"319,723"
834,Star Trek 2: Cơn thịnh nộ của Khan,"Action, Adventure, Sci-Fi            ",1982,113,7.7,68,"124,999"
835,Thuyết Yêu Thương,"Biography, Drama, Romance            ",2014,123,7.7,71,"462,974"
836,Ngón Tay Vàng,"Action, Adventure, Thriller            ",1964,110,7.7,87,"195,327"
837,Fried Green Tomatoes,Drama            ,1991,130,7.7,64,"77,718"
838,The French Connection,"Action, Crime, Drama            ",1971,104,7.7,94,"127,364"
839,Cuốn Sổ Đen,"Drama, Thriller, War            ",2006,145,7.7,71,"78,394"
840,Naked,"Comedy, Drama            ",1993,131,7.7,85,"41,397"
841,Philadelphia,Drama            ,1993,125,7.7,66,"248,308"
842,Glengarry Glen Ross,"Crime, Drama, Mystery            ",1992,100,7.7,82,"110,035"
843,Dân Chơi,Comedy            ,1994,92,7.7,70,"227,060"
844,"South Park: Bigger, Longer & Uncut","Animation, Comedy, Fantasy            ",1999,81,7.7,73,"209,463"
845,Án Mạng Trong Tu Viện,"Drama, Mystery, Thriller            ",1986,130,7.7,54,"111,736"
846,Badlands,"Action, Crime, Drama            ",1973,94,7.7,93,"75,167"
847,Tuyệt Đỉnh Kung Fu,"Action, Comedy, Fantasy            ",2004,99,7.7,78,"144,118"
848,Khu Phố Roma,Drama            ,2018,135,7.7,96,"163,394"
849,Đi Tìm Miền Đất Hứa,"Biography, Drama, Family            ",2004,106,7.7,67,"208,835"
850,Những Kẻ Cướp Nhà Băng,"Action, Biography, Crime            ",1967,111,7.7,86,"116,297"
851,Ordinary People,Drama            ,1980,124,7.7,86,"54,283"
852,Ray,"Biography, Drama, Music            ",I 2004,152,7.7,73,"151,752"
853,Hoàng Đế Cuối Cùng,"Biography, Drama, History            ",1987,163,7.7,76,"107,026"
854,Gió Nổi,"Animation, Biography, Drama            ",2013,126,7.7,83,"90,170"
855,La grande bellezza,Drama            ,2013,141,7.7,86,"93,822"
856,Kẻ Trộm Giấc Mơ,"Animation, Drama, Fantasy            ",2006,90,7.7,81,"87,415"
857,Con Số May Mắn,"Crime, Drama, Thriller            ",2006,110,7.7,53,"318,682"
858,Đây Là Nước Anh,"Crime, Drama            ",2006,101,7.7,86,"124,886"
859,Billy Elliot,"Drama, Music            ",2000,110,7.7,74,"138,262"
860,Kubo và Sứ Mệnh Samurai,"Animation, Action, Adventure            ",2016,101,7.7,84,"133,374"
861,The Verdict,Drama            ,1982,129,7.7,77,"42,838"
862,Miller's Crossing,"Crime, Drama, Thriller            ",1990,115,7.7,66,"138,084"
863,The Dirty Dozen,"Action, Adventure, War            ",1967,150,7.7,73,"75,927"
864,Belle de jour,"Drama, Romance            ",1967,100,7.7,^^^^^^,"46,490"
865,Chạy Đi Lola,"Action, Crime, Thriller            ",1998,81,7.7,77,"202,173"
866,Hamlet,Drama            ,1996,242,7.7,^^^^^^,"38,947"
867,The Quiet Man,"Comedy, Drama, Romance            ",1952,129,7.7,85,"40,374"
868,The Longest Day,"Action, Drama, History            ",1962,178,7.7,75,"57,336"
869,Người Vô Danh Tính,"Action, Crime, Drama            ",2010,119,7.7,^^^^^^,"71,845"
870,Kurenai no buta,"Animation, Adventure, Comedy            ",1992,94,7.7,83,"93,891"
871,Dã Thú Một Quốc Gia,"Drama, War            ",2015,137,7.7,79,"83,867"
872,Love and Death,"Comedy, War            ",1975,85,7.7,89,"39,563"
873,Spoorloos,"Mystery, Thriller            ",1988,107,7.7,^^^^^^,"40,825"
874,Ondskan,Drama            ,2003,113,7.7,61,"40,023"
875,La planète sauvage,"Animation, Sci-Fi            ",1973,72,7.7,73,"33,720"
876,Abre los ojos,"Drama, Mystery, Sci-Fi            ",1997,119,7.7,^^^^^^,"71,061"
877,Short Cuts,"Comedy, Drama            ",1993,188,7.7,81,"46,064"
878,"Tôi, Earl và Cô Bạn Hấp Hối","Comedy, Drama, Romance            ",2015,105,7.7,74,"134,501"
879,Giai Điệu Kỳ Diệu,"Animation, Family, Fantasy            ",1940,124,7.7,96,"99,579"
880,À bout de souffle,"Crime, Drama            ",1960,90,7.7,^^^^^^,"84,519"
881,Zulu,"Drama, History, War            ",1964,138,7.7,77,"40,793"
882,La double vie de Véronique,"Drama, Fantasy, Music            ",1991,98,7.7,86,"50,633"
883,Good Bye Lenin!,"Comedy, Drama, Romance            ",2003,121,7.7,68,"149,062"
884,Đánh Thức Cuộc Đời,"Animation, Drama, Fantasy            ",2001,99,7.7,83,"65,507"
885,Nebraska,Drama            ,2013,115,7.7,86,"120,186"
886,Nữ Hoàng Châu Phi,"Adventure, Drama, Romance            ",1951,105,7.7,91,"81,069"
887,Người Lạ Hoàn Hảo,"Comedy, Drama            ",2016,96,7.7,^^^^^^,"67,916"
888,Lạt Thủ Thần Thám,"Action, Crime, Thriller            ",1992,128,7.7,^^^^^^,"52,043"
889,Invasion of the Body Snatchers,"Drama, Horror, Sci-Fi            ",1956,80,7.7,92,"52,087"
890,Kỷ Niệm Về Marnie,"Animation, Drama, Family            ",2014,103,7.7,72,"43,415"
891,Wait Until Dark,Thriller            ,1967,108,7.7,81,"32,005"
892,Black Narcissus,Drama            ,1947,101,7.7,86,"26,101"
893,Cuộc Nổi Loạn Trên Tàu Caine,"Drama, War            ",1954,124,7.7,63,"28,653"
894,Mặt Sẹo,"Action, Crime, Drama            ",1932,93,7.7,90,"29,044"
895,Hoàng Tử Bé,"Animation, Adventure, Drama            ",2015,108,7.7,70,"64,087"
896,Cape Fear,"Drama, Thriller            ",1962,106,7.7,76,"30,332"
897,Xuân Quang Xạ Tiết,"Drama, Romance            ",1997,96,7.7,70,"31,498"
898,Night on Earth,"Comedy, Drama            ",1991,129,7.7,68,"62,689"
899,Hành Trình Nam Mỹ,"Adventure, Biography, Drama            ",2004,126,7.7,75,"102,877"
900,A Man for All Seasons,"Biography, Drama, History            ",1966,120,7.7,72,"35,824"
901,Sự Thật Chết Người,"Biography, Drama, History            ",2008,122,7.7,80,"110,098"
902,Hedwig and the Angry Inch,"Comedy, Drama, Music            ",2001,95,7.7,85,"36,438"
903,The Broken Circle Breakdown,"Drama, Music, Romance            ",2012,111,7.7,70,"41,985"
904,Forushande,"Drama, Thriller            ",2016,124,7.7,85,"62,320"
905,Down by Law,"Comedy, Crime, Drama            ",1986,107,7.7,75,"53,169"
906,Sau Hôn Nhân,Drama            ,2006,120,7.7,78,"35,695"
907,Les triplettes de Belleville,"Animation, Adventure, Comedy            ",2003,80,7.7,91,"55,666"
908,Yume,"Drama, Fantasy            ",1990,119,7.7,^^^^^^,"27,549"
909,Cô Gái Vượt Thời Gian,"Animation, Adventure, Comedy            ",2006,98,7.7,66,"68,265"
910,Lời Thú Tội,"Drama, Thriller            ",2010,106,7.7,^^^^^^,"40,473"
911,Cô Bé Dũng Cảm,"Animation, Drama, Family            ",2017,94,7.7,78,"26,845"
912,Hana-bi,"Crime, Drama, Romance            ",1997,103,7.7,^^^^^^,"31,678"
913,Khu Vực an Ninh Chung,"Action, Drama, Thriller            ",2000,110,7.7,58,"32,112"
914,Adams æbler,"Comedy, Crime, Drama            ",2005,94,7.7,51,"52,360"
915,Hương Vị Anh Đào,Drama            ,1997,95,7.7,80,"33,169"
916,Das Experiment,"Drama, Thriller            ",2001,120,7.7,60,"94,904"
917,The Magdalene Sisters,Drama            ,2002,114,7.7,83,"27,776"
918,In America,Drama            ,2002,105,7.7,76,"43,683"
919,Jules et Jim,"Drama, Romance            ",1962,105,7.7,97,"42,953"
920,The Purple Rose of Cairo,"Comedy, Fantasy, Romance            ",1985,82,7.7,75,"52,998"
921,Le passé,"Drama, Mystery            ",2013,130,7.7,85,"49,805"
922,The Muppet Christmas Carol,"Comedy, Drama, Family            ",1992,85,7.7,64,"64,065"
923,Zelig,Comedy            ,1983,79,7.7,^^^^^^,"43,002"
924,Auf der anderen Seite,Drama            ,2007,122,7.7,85,"32,731"
925,Vệ Binh Dải Ngân Hà 2,"Action, Adventure, Comedy            ",2017,136,7.6,67,"707,513"
926,Harry Potter và Hòn Đá Phù Thủy,"Adventure, Family, Fantasy            ",2001,152,7.6,65,"807,258"
927,Chuyện Ngày Xưa Ở... Hollywood,"Comedy, Drama            ",2019,161,7.6,83,"775,370"
928,Kẻ Sát Nhân Cuồng Tín,"Crime, Drama, Horror            ",2000,102,7.6,64,"653,549"
929,Hành Trình Của Moana,"Animation, Adventure, Comedy            ",I 2016,107,7.6,81,"350,320"
930,Chiến Tranh Giữa Các Vì Sao 3: Người Sith Báo Thù,"Action, Adventure, Fantasy            ",2005,140,7.6,68,"810,078"
931,Deadpool 2,"Action, Adventure, Comedy            ",2018,119,7.6,66,"603,220"
932,Nhân Tố Thứ 5,"Action, Adventure, Sci-Fi            ",1997,126,7.6,52,"485,103"
933,My Cousin Vinny,"Comedy, Crime            ",1992,120,7.6,68,"131,637"
934,Sicario: Ranh Giới,"Action, Crime, Drama            ",2015,121,7.6,82,"445,047"
935,Điệp Vụ Kép,"Crime, Drama, Mystery            ",2006,129,7.6,76,"383,029"
936,Cách Mạng Công Sở,Comedy            ,1999,89,7.6,68,"275,071"
937,300 Chiến Binh,"Action, Drama            ",2006,117,7.6,52,"835,291"
938,Siêu Tệ Hại,Comedy            ,2007,113,7.6,76,"598,720"
939,Tiền Bi,"Biography, Drama, Sport            ",2011,133,7.6,87,"438,195"
940,Lưỡi Cưa,"Horror, Mystery, Thriller            ",2004,103,7.6,46,"434,356"
941,Người Hùng Báo Thù,"Action, Drama, Mystery            ",2009,162,7.6,56,"562,118"
942,Kung Fu Panda,"Animation, Action, Adventure            ",2008,92,7.6,74,"487,395"
943,The Birds,"Drama, Horror, Mystery            ",1963,119,7.6,90,"195,587"
944,Ánh Sao Ma Thuật,"Adventure, Family, Fantasy            ",2007,127,7.6,66,"277,177"
945,Vì Sao Vụt Sáng,"Drama, Music, Romance            ",2018,136,7.6,88,"396,791"
946,Người Hùng Củ Chuối,"Action, Comedy, Crime            ",2010,117,7.6,66,"574,445"
947,Góc Khuất,"Biography, Drama, Sport            ",2009,129,7.6,53,"343,480"
948,RoboCop,"Action, Crime, Sci-Fi            ",1987,102,7.6,70,"266,893"
949,The Royal Tenenbaums,"Comedy, Drama            ",2001,110,7.6,76,"300,500"
950,The Fly,"Drama, Horror, Sci-Fi            ",1986,96,7.6,79,"190,513"
951,Không Lùi Bước,"Crime, Drama, Thriller            ",II 2016,102,7.6,88,"238,464"
952,Hiệu Ứng Cánh Bướm,"Drama, Sci-Fi, Thriller            ",2004,113,7.6,30,"500,747"
953,Bản Báo Cáo Thiểu Số,"Action, Crime, Mystery            ",2002,145,7.6,80,"564,410"
954,Ngôi Nhà Toàn Ma,"Horror, Mystery, Thriller            ",2001,101,7.6,74,"376,032"
955,Hoa Mộc Lan,"Animation, Adventure, Comedy            ",1998,87,7.6,71,"298,289"
956,Thành Phố Bóng Đêm,"Fantasy, Mystery, Sci-Fi            ",1998,100,7.6,66,"204,659"
957,After Hours,"Comedy, Crime, Drama            ",I 1985,97,7.6,90,"73,438"
958,Truy Tìm Tung Tích Ảo,"Drama, Mystery, Thriller            ",III 2018,102,7.6,71,"171,356"
959,Sự Khởi Đầu Của Hành Tinh Khỉ,"Action, Adventure, Drama            ",2014,130,7.6,79,"451,016"
960,Đứa Bé Mất Tích,"Crime, Drama, Mystery            ",2007,114,7.6,72,"279,773"
961,Kẻ Trộm Mặt Trăng,"Animation, Adventure, Comedy            ",2010,95,7.6,72,"559,881"
962,Chúng Ta Làm Gì Trong Bóng Tối,"Comedy, Horror            ",2014,86,7.6,76,"189,862"
963,Lằn Ranh Đỏ Mỏng Manh,"Drama, History, War            ",1998,170,7.6,78,"192,502"
964,Rushmore,"Comedy, Drama, Romance            ",1998,93,7.6,86,"190,232"
965,Đột kích: Chuộc tội,"Action, Crime, Thriller            ",2011,101,7.6,73,"209,753"
966,Hang Quỷ Đông Âu,"Crime, Drama, Thriller            ",2007,100,7.6,83,"250,227"
967,True Grit: Báo Thù,"Drama, Western            ",2010,110,7.6,80,"346,434"
968,Tôi Sống Trong Tôi,"Drama, Horror, Mystery            ",2011,120,7.6,70,"157,978"
969,Nhà Mitchell Đối Đầu Với Máy Móc,"Animation, Adventure, Comedy            ",2021,114,7.6,81,"115,405"
970,Vũ Khí Tối Thượng,"Action, Crime, Thriller            ",1987,109,7.6,68,"265,888"
971,Cậu Bé Rừng Xanh,"Animation, Adventure, Comedy            ",1967,78,7.6,65,"189,564"
972,Max Điên 2: Hung Thần Xa Lộ,"Action, Adventure, Sci-Fi            ",1981,96,7.6,77,"185,783"
973,Enter the Dragon,"Action, Crime, Drama            ",1973,102,7.6,83,"107,510"
974,End of Watch,"Action, Adventure, Crime            ",2012,109,7.6,68,"256,207"
975,Match Point,"Drama, Romance, Thriller            ",2005,124,7.6,72,"222,207"
976,Cô Bé Người Cá Ponyo,"Animation, Adventure, Comedy            ",2008,101,7.6,86,"150,323"
977,Cái Giá Của Sự Thật,"Biography, Drama, History            ",2019,126,7.6,73,"93,412"
978,Nàng Bạch Tuyết và Bảy Chú Lùn,"Animation, Adventure, Family            ",1937,83,7.6,96,"205,552"
979,The Naked Gun: From the Files of Police Squad!,"Comedy, Crime            ",1988,85,7.6,76,"175,531"
980,Rebel Without a Cause,Drama            ,1955,111,7.6,89,"93,721"
981,Đương Đầu Với Thử Thách 3,"Action, Adventure, Thriller            ",1995,128,7.6,58,"395,461"
982,Tôi Là Sam,Drama            ,2001,132,7.6,28,"152,298"
983,Cô Phù Thủy Nhỏ Sabrina,"Comedy, Drama, Romance            ",1954,113,7.6,72,"67,330"
984,7 Số Phận,Drama            ,2008,123,7.6,36,"308,232"
985,Hên Xui,"Comedy, Drama, Romance            ",2011,100,7.6,72,"335,726"
986,Vị Vua Cuối Cùng Của Scotland,"Biography, Drama, History            ",2006,123,7.6,74,"190,449"
987,The Bridges of Madison County,"Drama, Romance            ",1995,135,7.6,69,"84,753"
988,Barton Fink,"Comedy, Drama, Thriller            ",1991,116,7.6,69,"125,149"
989,The Taking of Pelham One Two Three,"Action, Crime, Thriller            ",1974,104,7.6,68,"32,840"
990,From Here to Eternity,"Drama, Romance, War            ",1953,118,7.6,85,"48,762"
991,Những Mảnh Đời Bất Hạnh,"Crime, Drama, Thriller            ",2003,124,7.6,70,"240,945"
992,Đường Đến Tội Ác,Drama            ,2002,135,7.6,69,"181,509"
993,Cuộc Đính Hôn Lâu Dài,"Drama, Mystery, Romance            ",2004,133,7.6,76,"74,792"
994,Chuyến Bay Số Hiệu 93,"Action, Drama, History            ",2006,111,7.6,90,"108,301"
995,Control,"Biography, Drama, Music            ",2007,122,7.6,78,"66,882"
996,Philomena,"Biography, Comedy, Drama            ",2013,98,7.6,77,"101,858"
997,Tỏa Sáng,"Biography, Drama, Music            ",1996,105,7.6,87,"55,257"
998,The Invisible Man,"Horror, Sci-Fi            ",1933,71,7.6,87,"37,364"
999,Phòng Giam 211,"Action, Adventure, Crime            ",2009,113,7.6,^^^^^^,"69,087"
